resample,min_pval_exp,min_pval_theta
0,6.944444e-05,1.000000e+00
1,3.718760e-04,1.000000e+00
2,3.112907e-04,1.000000e+00
3,1.148222e-05,1.000000e+00
4,6.809484e-05,1.000000e+00
5,3.757731e-04,1.000000e+00
6,3.858025e-05,1.000000e+00
7,7.233796e-05,1.000000e+00
8,6.944444e-05,1.000000e+00
9,6.944444e-05,1.000000e+00
10,2.755732e-04,1.000000e+00
11,2.445471e-04,1.000000e+00
12,4.728013e-05,1.000000e+00
13,1.262626e-04,1.000000e+00
14,5.787037e-04,1.000000e+00
15,3.112907e-04,1.000000e+00
16,3.732089e-04,1.000000e+00
17,5.686737e-05,1.000000e+00
18,2.143347e-05,1.000000e+00
19,4.227480e-04,1.000000e+00
20,2.170669e-04,1.000000e+00
21,1.883582e-04,1.000000e+00
22,1.946549e-04,1.000000e+00
23,3.697274e-05,1.000000e+00
24,3.306878e-04,1.000000e+00
25,3.712096e-04,1.000000e+00
26,2.521633e-05,1.000000e+00
27,2.929687e-04,1.000000e+00
28,4.436728e-05,1.000000e+00
29,5.818630e-04,1.000000e+00
30,1.167559e-04,1.000000e+00
31,1.135601e-04,1.000000e+00
32,3.511865e-04,1.000000e+00
33,4.822531e-04,1.000000e+00
34,2.445471e-04,1.000000e+00
35,4.960317e-04,1.000000e+00
36,3.432189e-04,1.000000e+00
37,1.227683e-04,1.000000e+00
38,3.996446e-04,1.000000e+00
39,1.262626e-04,1.000000e+00
40,2.445471e-04,1.000000e+00
41,6.944444e-05,1.000000e+00
42,1.979638e-04,1.000000e+00
43,3.890445e-05,1.000000e+00
44,5.827206e-04,1.000000e+00
45,2.480159e-04,1.000000e+00
46,6.944444e-05,1.000000e+00
47,6.944444e-05,1.000000e+00
48,2.438323e-04,1.000000e+00
49,3.665863e-04,1.000000e+00
50,2.480159e-04,1.000000e+00
51,3.851612e-04,1.000000e+00
52,3.750972e-04,1.000000e+00
53,6.944444e-05,1.000000e+00
54,2.005895e-04,1.000000e+00
55,1.736111e-04,1.000000e+00
56,2.445471e-04,1.000000e+00
57,1.797027e-05,1.000000e+00
58,1.028893e-03,1.000000e+00
59,3.938687e-04,1.000000e+00
60,6.181201e-04,1.000000e+00
61,5.648458e-04,1.000000e+00
62,4.041740e-04,1.000000e+00
63,6.512007e-04,1.000000e+00
64,4.166667e-04,1.000000e+00
65,6.944444e-05,1.000000e+00
66,2.192059e-04,1.000000e+00
67,1.240079e-04,1.000000e+00
68,3.637676e-04,1.000000e+00
69,6.944444e-05,1.000000e+00
70,7.233796e-05,1.000000e+00
71,3.945352e-04,1.000000e+00
72,3.894257e-04,1.000000e+00
73,3.335555e-04,1.000000e+00
74,3.758747e-04,1.000000e+00
75,4.389648e-04,1.000000e+00
76,7.807238e-05,1.000000e+00
77,1.511716e-04,1.000000e+00
78,1.373626e-04,1.000000e+00
79,2.794978e-05,1.000000e+00
80,6.809484e-05,1.000000e+00
81,5.668934e-05,1.000000e+00
82,1.324543e-04,1.000000e+00
83,1.679039e-04,1.000000e+00
84,3.635455e-04,1.000000e+00
85,2.760032e-04,1.000000e+00
86,3.909808e-04,1.000000e+00
87,6.809484e-05,1.000000e+00
88,2.271474e-04,1.000000e+00
89,1.929012e-04,1.000000e+00
90,8.792327e-05,1.000000e+00
91,2.803096e-04,1.000000e+00
92,6.944444e-05,1.000000e+00
93,3.832056e-04,1.000000e+00
94,3.812063e-04,1.000000e+00
95,1.488095e-04,1.000000e+00
96,6.944444e-05,1.000000e+00
97,6.944444e-05,1.000000e+00
98,3.705432e-04,1.000000e+00
99,1.797027e-05,1.000000e+00
100,3.665445e-04,1.000000e+00
101,1.247758e-04,1.000000e+00
102,3.892036e-04,1.000000e+00
103,2.185727e-04,1.000000e+00
104,3.693213e-04,1.000000e+00
105,9.093915e-05,1.000000e+00
106,1.180828e-05,1.000000e+00
107,3.842053e-04,1.000000e+00
108,3.497494e-04,1.000000e+00
109,7.233796e-05,1.000000e+00
110,3.858025e-04,1.000000e+00
111,1.736111e-04,1.000000e+00
112,1.247758e-04,1.000000e+00
113,6.583694e-04,1.000000e+00
114,3.970899e-04,1.000000e+00
115,3.472222e-04,1.000000e+00
116,6.809484e-05,1.000000e+00
117,6.944444e-05,1.000000e+00
118,5.787037e-04,1.000000e+00
119,6.520258e-04,1.000000e+00
120,6.944444e-05,1.000000e+00
121,1.079665e-05,1.000000e+00
122,1.356668e-05,1.000000e+00
123,6.181201e-04,1.000000e+00
124,4.310752e-04,1.000000e+00
125,3.367766e-04,1.000000e+00
126,4.941312e-04,1.000000e+00
127,4.873053e-04,1.000000e+00
128,6.944444e-05,1.000000e+00
129,1.791226e-04,1.000000e+00
130,6.944444e-05,1.000000e+00
131,2.480159e-04,1.000000e+00
132,1.167134e-04,1.000000e+00
133,6.944444e-05,1.000000e+00
134,1.324543e-04,1.000000e+00
135,5.787037e-04,1.000000e+00
136,1.759990e-04,1.000000e+00
137,3.687660e-04,1.000000e+00
138,3.058125e-04,1.000000e+00
139,1.872874e-04,1.000000e+00
140,3.859825e-04,1.000000e+00
141,2.480159e-04,1.000000e+00
142,3.674331e-04,1.000000e+00
143,3.973984e-04,1.000000e+00
144,6.809484e-05,1.000000e+00
145,6.944444e-05,1.000000e+00
146,1.832562e-04,1.000000e+00
147,1.791226e-04,1.000000e+00
148,4.140842e-04,1.000000e+00
149,6.944444e-05,1.000000e+00
150,1.734704e-04,1.000000e+00
151,3.783183e-04,1.000000e+00
152,1.215575e-04,1.000000e+00
153,2.082546e-04,1.000000e+00
154,4.464286e-05,1.000000e+00
155,3.358880e-04,1.000000e+00
156,6.944444e-05,1.000000e+00
157,6.796932e-04,1.000000e+00
158,3.236934e-05,1.000000e+00
159,9.685410e-04,1.000000e+00
160,2.445471e-04,1.000000e+00
161,4.220815e-04,1.000000e+00
162,3.820949e-04,1.000000e+00
163,2.755732e-04,1.000000e+00
164,6.944444e-05,1.000000e+00
165,6.944444e-05,1.000000e+00
166,3.792069e-04,1.000000e+00
167,6.944444e-05,1.000000e+00
168,3.306878e-04,1.000000e+00
169,6.841817e-04,1.000000e+00
170,3.501055e-04,1.000000e+00
171,4.054204e-04,1.000000e+00
172,3.842053e-04,1.000000e+00
173,3.612129e-04,1.000000e+00
174,2.082546e-04,1.000000e+00
175,1.417234e-04,1.000000e+00
176,6.944444e-05,1.000000e+00
177,2.082546e-04,1.000000e+00
178,1.095922e-04,1.000000e+00
179,3.932023e-04,1.000000e+00
180,6.944444e-05,1.000000e+00
181,3.915362e-04,1.000000e+00
182,6.944444e-05,1.000000e+00
183,3.429112e-04,1.000000e+00
184,2.755732e-04,1.000000e+00
185,3.804287e-04,1.000000e+00
186,1.157407e-04,1.000000e+00
187,1.157407e-04,1.000000e+00
188,2.445471e-04,1.000000e+00
189,5.919666e-05,1.000000e+00
190,2.191627e-04,1.000000e+00
191,1.797027e-05,1.000000e+00
192,3.349994e-04,1.000000e+00
193,1.498661e-04,1.000000e+00
194,3.972009e-04,1.000000e+00
195,6.944444e-05,1.000000e+00
196,6.944444e-05,1.000000e+00
197,2.893519e-04,1.000000e+00
198,1.759990e-04,1.000000e+00
199,3.637676e-04,1.000000e+00
200,9.743481e-05,1.000000e+00
201,2.481836e-04,1.000000e+00
202,7.233796e-05,1.000000e+00
203,7.087307e-04,1.000000e+00
204,2.551834e-04,1.000000e+00
205,3.843163e-04,1.000000e+00
206,2.445471e-04,1.000000e+00
207,6.557180e-04,1.000000e+00
208,5.686737e-05,1.000000e+00
209,4.960317e-04,1.000000e+00
210,1.417234e-04,1.000000e+00
211,3.998667e-04,1.000000e+00
212,6.944444e-05,1.000000e+00
213,1.322751e-04,1.000000e+00
214,2.729634e-04,1.000000e+00
215,1.900505e-04,1.000000e+00
216,6.944444e-05,1.000000e+00
217,1.869658e-04,1.000000e+00
218,1.227683e-04,1.000000e+00
219,9.401909e-05,1.000000e+00
220,3.376652e-04,1.000000e+00
221,6.944444e-05,1.000000e+00
222,3.852049e-04,1.000000e+00
223,3.211509e-04,1.000000e+00
224,1.731179e-04,1.000000e+00
225,2.480159e-04,1.000000e+00
226,3.665445e-04,1.000000e+00
227,6.944444e-05,1.000000e+00
228,6.297658e-05,1.000000e+00
229,3.712096e-04,1.000000e+00
230,1.417234e-04,1.000000e+00
231,3.472222e-04,1.000000e+00
232,7.233796e-05,1.000000e+00
233,6.944444e-05,1.000000e+00
234,3.962013e-04,1.000000e+00
235,4.120879e-04,1.000000e+00
236,1.092863e-03,1.000000e+00
237,6.944444e-05,1.000000e+00
238,3.472222e-04,1.000000e+00
239,3.943130e-04,1.000000e+00
240,3.621015e-04,1.000000e+00
241,6.944444e-05,1.000000e+00
242,3.998667e-04,1.000000e+00
243,6.944444e-05,1.000000e+00
244,2.109857e-05,1.000000e+00
245,9.074632e-05,1.000000e+00
246,3.692103e-04,1.000000e+00
247,3.794291e-04,1.000000e+00
248,2.166376e-04,1.000000e+00
249,1.406089e-04,1.000000e+00
250,9.645062e-04,1.000000e+00
251,1.406089e-04,1.000000e+00
252,6.944444e-05,1.000000e+00
253,1.393079e-04,1.000000e+00
254,5.787037e-04,1.000000e+00
255,7.626467e-05,1.000000e+00
256,9.384798e-04,1.000000e+00
257,1.358085e-04,1.000000e+00
258,1.247758e-04,1.000000e+00
259,1.157407e-04,1.000000e+00
260,3.879818e-04,1.000000e+00
261,3.843163e-04,1.000000e+00
262,5.511464e-04,1.000000e+00
263,4.165278e-04,1.000000e+00
264,1.220082e-04,1.000000e+00
265,2.445471e-04,1.000000e+00
266,6.944444e-05,1.000000e+00
267,3.943130e-04,1.000000e+00
268,3.400822e-04,1.000000e+00
269,3.333333e-04,1.000000e+00
270,2.445471e-04,1.000000e+00
271,3.653103e-04,1.000000e+00
272,3.349994e-04,1.000000e+00
273,3.832056e-04,1.000000e+00
274,6.944444e-05,1.000000e+00
275,4.026436e-04,1.000000e+00
276,3.306878e-04,1.000000e+00
277,3.796512e-04,1.000000e+00
278,4.026436e-04,1.000000e+00
279,2.445471e-04,1.000000e+00
280,3.643230e-04,1.000000e+00
281,2.806791e-05,1.000000e+00
282,7.233796e-05,1.000000e+00
283,6.944444e-05,1.000000e+00
284,3.776519e-04,1.000000e+00
285,3.998667e-04,1.000000e+00
286,3.306878e-05,1.000000e+00
287,3.472222e-04,1.000000e+00
288,2.755732e-04,1.000000e+00
289,3.487980e-04,1.000000e+00
290,1.417234e-04,1.000000e+00
291,6.753364e-04,1.000000e+00
292,1.900505e-04,1.000000e+00
293,7.936508e-04,1.000000e+00
294,6.944444e-05,1.000000e+00
295,6.944444e-05,1.000000e+00
296,3.804287e-04,1.000000e+00
297,1.498661e-04,1.000000e+00
298,3.887593e-04,1.000000e+00
299,3.827405e-06,1.000000e+00
300,3.976452e-04,1.000000e+00
301,3.563989e-04,1.000000e+00
302,3.654337e-04,1.000000e+00
303,5.498794e-04,1.000000e+00
304,6.944444e-05,1.000000e+00
305,3.970899e-04,1.000000e+00
306,1.406089e-04,1.000000e+00
307,3.393759e-05,1.000000e+00
308,3.572143e-04,1.000000e+00
309,1.246753e-04,1.000000e+00
310,6.944444e-05,1.000000e+00
311,1.028893e-03,1.000000e+00
312,6.944444e-05,1.000000e+00
313,3.692308e-04,1.000000e+00
314,3.342219e-04,1.000000e+00
315,3.820949e-04,1.000000e+00
316,2.480159e-04,1.000000e+00
317,1.358085e-04,1.000000e+00
318,3.211509e-04,1.000000e+00
319,3.612129e-04,1.000000e+00
320,7.233796e-05,1.000000e+00
321,6.944444e-05,1.000000e+00
322,3.832056e-04,1.000000e+00
323,4.165278e-04,1.000000e+00
324,7.233796e-05,1.000000e+00
325,2.469136e-04,1.000000e+00
326,1.759990e-04,1.000000e+00
327,6.944444e-05,1.000000e+00
328,1.227683e-04,1.000000e+00
329,2.480159e-04,1.000000e+00
330,1.262626e-04,1.000000e+00
331,4.131956e-04,1.000000e+00
332,3.337776e-04,1.000000e+00
333,3.804866e-04,1.000000e+00
334,3.690992e-04,1.000000e+00
335,6.944444e-05,1.000000e+00
336,3.345551e-04,1.000000e+00
337,3.532156e-04,1.000000e+00
338,9.093915e-05,1.000000e+00
339,1.736111e-04,1.000000e+00
340,1.577909e-04,1.000000e+00
341,1.417234e-04,1.000000e+00
342,2.143347e-05,1.000000e+00
343,3.720238e-04,1.000000e+00
344,6.944444e-05,1.000000e+00
345,3.669888e-04,1.000000e+00
346,3.782377e-04,1.000000e+00
347,4.026436e-04,1.000000e+00
348,2.438323e-04,1.000000e+00
349,2.185612e-04,1.000000e+00
350,2.715007e-04,1.000000e+00
351,6.944444e-05,1.000000e+00
352,5.827206e-04,1.000000e+00
353,3.332223e-04,1.000000e+00
354,1.227683e-04,1.000000e+00
355,3.576586e-04,1.000000e+00
356,2.594089e-04,1.000000e+00
357,6.944444e-05,1.000000e+00
358,4.728013e-05,1.000000e+00
359,1.530583e-04,1.000000e+00
360,3.748750e-04,1.000000e+00
361,1.984449e-04,1.000000e+00
362,2.551020e-04,1.000000e+00
363,2.111978e-05,1.000000e+00
364,3.845385e-04,1.000000e+00
365,1.262626e-04,1.000000e+00
366,3.804866e-04,1.000000e+00
367,5.128205e-04,1.000000e+00
368,4.199211e-05,1.000000e+00
369,6.944444e-05,1.000000e+00
370,1.406089e-04,1.000000e+00
371,6.944444e-05,1.000000e+00
372,3.812063e-04,1.000000e+00
373,1.779879e-05,1.000000e+00
374,6.809484e-05,1.000000e+00
375,2.179991e-04,1.000000e+00
376,5.511464e-04,1.000000e+00
377,7.199066e-05,1.000000e+00
378,2.271474e-04,1.000000e+00
379,9.093915e-05,1.000000e+00
380,4.199211e-05,1.000000e+00
381,7.578263e-05,1.000000e+00
382,3.779289e-05,1.000000e+00
383,5.686737e-05,1.000000e+00
384,4.187493e-04,1.000000e+00
385,9.419893e-05,1.000000e+00
386,2.876498e-04,1.000000e+00
387,3.892036e-04,1.000000e+00
388,3.487980e-04,1.000000e+00
389,5.686737e-05,1.000000e+00
390,1.869658e-04,1.000000e+00
391,1.742079e-04,1.000000e+00
392,1.929012e-04,1.000000e+00
393,4.960317e-04,1.000000e+00
394,6.944444e-05,1.000000e+00
395,2.612627e-04,1.000000e+00
396,3.754304e-04,1.000000e+00
397,4.137510e-04,1.000000e+00
398,6.944444e-05,1.000000e+00
399,3.472222e-04,1.000000e+00
400,2.551020e-04,1.000000e+00
401,5.787037e-04,1.000000e+00
402,3.832056e-04,1.000000e+00
403,3.607686e-04,1.000000e+00
404,3.965192e-04,1.000000e+00
405,8.792327e-05,1.000000e+00
406,5.787037e-04,1.000000e+00
407,2.032539e-04,1.000000e+00
408,3.943130e-04,1.000000e+00
409,7.233796e-05,1.000000e+00
410,9.093915e-05,1.000000e+00
411,1.759990e-04,1.000000e+00
412,1.221001e-04,1.000000e+00
413,3.388505e-04,1.000000e+00
414,1.577909e-04,1.000000e+00
415,6.944444e-05,1.000000e+00
416,1.984449e-04,1.000000e+00
417,2.551020e-04,1.000000e+00
418,3.332223e-04,1.000000e+00
419,1.825778e-04,1.000000e+00
420,7.440476e-04,1.000000e+00
421,1.406089e-04,1.000000e+00
422,3.495501e-04,1.000000e+00
423,1.055451e-04,1.000000e+00
424,6.517894e-04,1.000000e+00
425,6.944444e-05,1.000000e+00
426,3.985338e-04,1.000000e+00
427,4.109741e-04,1.000000e+00
428,3.306878e-04,1.000000e+00
429,6.944444e-05,1.000000e+00
430,1.074366e-04,1.000000e+00
431,1.946549e-04,1.000000e+00
432,7.233796e-05,1.000000e+00
433,6.944444e-05,1.000000e+00
434,1.488095e-04,1.000000e+00
435,6.944444e-05,1.000000e+00
436,1.148222e-04,1.000000e+00
437,1.734704e-04,1.000000e+00
438,1.872874e-04,1.000000e+00
439,4.561211e-04,1.000000e+00
440,3.374614e-05,1.000000e+00
441,3.887593e-04,1.000000e+00
442,1.092863e-03,1.000000e+00
443,3.728757e-04,1.000000e+00
444,3.340376e-04,1.000000e+00
445,1.162858e-05,1.000000e+00
446,6.181201e-04,1.000000e+00
447,4.081973e-04,1.000000e+00
448,2.438323e-04,1.000000e+00
449,9.462154e-05,1.000000e+00
450,1.197848e-04,1.000000e+00
451,6.071463e-04,1.000000e+00
452,9.645062e-04,1.000000e+00
453,6.809484e-05,1.000000e+00
454,7.626467e-05,1.000000e+00
455,2.204586e-05,1.000000e+00
456,1.869658e-04,1.000000e+00
457,2.445471e-04,1.000000e+00
458,9.743481e-05,1.000000e+00
459,1.929012e-04,1.000000e+00
460,4.188275e-05,1.000000e+00
461,4.546958e-04,1.000000e+00
462,6.517894e-04,1.000000e+00
463,3.572143e-04,1.000000e+00
464,2.240925e-04,1.000000e+00
465,2.445471e-04,1.000000e+00
466,3.832056e-04,1.000000e+00
467,1.240079e-04,1.000000e+00
468,3.748750e-04,1.000000e+00
469,3.996446e-04,1.000000e+00
470,1.406089e-04,1.000000e+00
471,1.797027e-05,1.000000e+00
472,2.976190e-04,1.000000e+00
473,1.167559e-04,1.000000e+00
474,6.809484e-05,1.000000e+00
475,3.765412e-04,1.000000e+00
476,3.865378e-04,1.000000e+00
477,3.669888e-04,1.000000e+00
478,1.286008e-04,1.000000e+00
479,1.197848e-04,1.000000e+00
480,4.418006e-04,1.000000e+00
481,3.967566e-04,1.000000e+00
482,7.416161e-06,1.000000e+00
483,2.267574e-04,1.000000e+00
484,6.944444e-05,1.000000e+00
485,3.970899e-04,1.000000e+00
486,4.011996e-04,1.000000e+00
487,6.071463e-04,1.000000e+00
488,2.185727e-04,1.000000e+00
489,3.554406e-05,1.000000e+00
490,3.661002e-04,1.000000e+00
491,4.578755e-06,1.000000e+00
492,6.355519e-04,1.000000e+00
493,1.977984e-04,1.000000e+00
494,1.406089e-04,1.000000e+00
495,2.480159e-04,1.000000e+00
496,3.642878e-04,1.000000e+00
497,6.346663e-04,1.000000e+00
498,1.869658e-04,1.000000e+00
499,1.417234e-04,1.000000e+00
500,3.652116e-04,1.000000e+00
501,3.687660e-04,1.000000e+00
502,3.943130e-04,1.000000e+00
503,2.192059e-04,1.000000e+00
504,9.401909e-05,1.000000e+00
505,3.868710e-04,1.000000e+00
506,3.775408e-04,1.000000e+00
507,2.708978e-04,1.000000e+00
508,3.621015e-04,1.000000e+00
509,2.551020e-04,1.000000e+00
510,6.944444e-05,1.000000e+00
511,3.625458e-04,1.000000e+00
512,6.944444e-05,1.000000e+00
513,3.338887e-04,1.000000e+00
514,4.578755e-06,1.000000e+00
515,6.944444e-05,1.000000e+00
516,6.665634e-04,1.000000e+00
517,4.199211e-05,1.000000e+00
518,3.798734e-04,1.000000e+00
519,3.876194e-06,1.000000e+00
520,9.122423e-04,1.000000e+00
521,2.755732e-04,1.000000e+00
522,5.919666e-05,1.000000e+00
523,5.787037e-04,1.000000e+00
524,3.832056e-04,1.000000e+00
525,1.406089e-04,1.000000e+00
526,3.720238e-04,1.000000e+00
527,3.812063e-04,1.000000e+00
528,3.798734e-04,1.000000e+00
529,5.822870e-05,1.000000e+00
530,3.804287e-04,1.000000e+00
531,2.480159e-04,1.000000e+00
532,3.858025e-04,1.000000e+00
533,3.804287e-04,1.000000e+00
534,3.517346e-04,1.000000e+00
535,3.472222e-04,1.000000e+00
536,6.944444e-05,1.000000e+00
537,2.408890e-04,1.000000e+00
538,3.796512e-04,1.000000e+00
539,2.755732e-04,1.000000e+00
540,1.530583e-04,1.000000e+00
541,2.551020e-04,1.000000e+00
542,4.177542e-05,1.000000e+00
543,1.237476e-04,1.000000e+00
544,3.372209e-04,1.000000e+00
545,4.061212e-05,1.000000e+00
546,3.872043e-04,1.000000e+00
547,1.406089e-04,1.000000e+00
548,6.944444e-05,1.000000e+00
549,3.393759e-05,1.000000e+00
550,3.943130e-04,1.000000e+00
551,2.109850e-05,1.000000e+00
552,4.256359e-04,1.000000e+00
553,9.645062e-04,1.000000e+00
554,1.211311e-05,1.000000e+00
555,6.889330e-04,1.000000e+00
556,6.331272e-05,1.000000e+00
557,6.809484e-05,1.000000e+00
558,6.944444e-05,1.000000e+00
559,1.227683e-04,1.000000e+00
560,2.192059e-04,1.000000e+00
561,3.658780e-04,1.000000e+00
562,3.642878e-04,1.000000e+00
563,3.495501e-04,1.000000e+00
564,1.577909e-04,1.000000e+00
565,1.736111e-04,1.000000e+00
566,2.099605e-05,1.000000e+00
567,6.607771e-05,1.000000e+00
568,3.472222e-04,1.000000e+00
569,6.944444e-05,1.000000e+00
570,9.685410e-04,1.000000e+00
571,5.818630e-04,1.000000e+00
572,1.307570e-04,1.000000e+00
573,6.944444e-05,1.000000e+00
574,6.944444e-05,1.000000e+00
575,6.944444e-05,1.000000e+00
576,6.944444e-05,1.000000e+00
577,8.793484e-06,1.000000e+00
578,6.987444e-05,1.000000e+00
579,3.338887e-04,1.000000e+00
580,3.587693e-04,1.000000e+00
581,1.417234e-04,1.000000e+00
582,6.944444e-05,1.000000e+00
583,6.944444e-05,1.000000e+00
584,1.736111e-04,1.000000e+00
585,3.501401e-05,1.000000e+00
586,1.791226e-04,1.000000e+00
587,3.923137e-04,1.000000e+00
588,1.977984e-04,1.000000e+00
589,1.028893e-03,1.000000e+00
590,2.844481e-04,1.000000e+00
591,6.669960e-04,1.000000e+00
592,2.445471e-04,1.000000e+00
593,2.480159e-04,1.000000e+00
594,2.170669e-04,1.000000e+00
595,1.240079e-04,1.000000e+00
596,3.723203e-04,1.000000e+00
597,7.233796e-05,1.000000e+00
598,3.723203e-04,1.000000e+00
599,5.741114e-05,1.000000e+00
600,1.512623e-04,1.000000e+00
601,2.199518e-04,1.000000e+00
602,3.720982e-04,1.000000e+00
603,1.543210e-04,1.000000e+00
604,6.944444e-05,1.000000e+00
605,3.306878e-04,1.000000e+00
606,3.482173e-04,1.000000e+00
607,2.727865e-04,1.000000e+00
608,7.233796e-05,1.000000e+00
609,6.944444e-05,1.000000e+00
610,1.134441e-04,1.000000e+00
611,6.181201e-04,1.000000e+00
612,3.732089e-04,1.000000e+00
613,1.863251e-05,1.000000e+00
614,7.233796e-05,1.000000e+00
615,4.487179e-05,1.000000e+00
616,1.262626e-04,1.000000e+00
617,3.589744e-04,1.000000e+00
618,9.797352e-05,1.000000e+00
619,6.944444e-05,1.000000e+00
620,3.306878e-04,1.000000e+00
621,6.944444e-05,1.000000e+00
622,2.049910e-05,1.000000e+00
623,3.494575e-04,1.000000e+00
624,2.612627e-04,1.000000e+00
625,2.551020e-04,1.000000e+00
626,3.779289e-05,1.000000e+00
627,2.551020e-04,1.000000e+00
628,4.246982e-04,1.000000e+00
629,6.944444e-05,1.000000e+00
630,2.708978e-04,1.000000e+00
631,3.733200e-04,1.000000e+00
632,6.944444e-05,1.000000e+00
633,1.074366e-04,1.000000e+00
634,1.559405e-04,1.000000e+00
635,3.306878e-04,1.000000e+00
636,6.944444e-05,1.000000e+00
637,5.686737e-05,1.000000e+00
638,3.766522e-04,1.000000e+00
639,1.759990e-04,1.000000e+00
640,6.944444e-05,1.000000e+00
641,3.758747e-04,1.000000e+00
642,1.358085e-04,1.000000e+00
643,2.091358e-04,1.000000e+00
644,3.879818e-04,1.000000e+00
645,6.944444e-05,1.000000e+00
646,6.944444e-05,1.000000e+00
647,2.755732e-04,1.000000e+00
648,2.755732e-04,1.000000e+00
649,6.944444e-05,1.000000e+00
650,3.543084e-06,1.000000e+00
651,2.589086e-04,1.000000e+00
652,1.512623e-04,1.000000e+00
653,6.987444e-05,1.000000e+00
654,1.679039e-04,1.000000e+00
655,2.143347e-05,1.000000e+00
656,3.943130e-04,1.000000e+00
657,6.944444e-05,1.000000e+00
658,1.984449e-04,1.000000e+00
659,4.578755e-06,1.000000e+00
660,1.679039e-04,1.000000e+00
661,5.686737e-05,1.000000e+00
662,2.445471e-04,1.000000e+00
663,1.736111e-04,1.000000e+00
664,1.250000e-04,1.000000e+00
665,1.417234e-04,1.000000e+00
666,2.735043e-04,1.000000e+00
667,6.944444e-05,1.000000e+00
668,1.929012e-04,1.000000e+00
669,5.235891e-04,1.000000e+00
670,6.512007e-04,1.000000e+00
671,6.944444e-05,1.000000e+00
672,3.472222e-04,1.000000e+00
673,1.101830e-05,1.000000e+00
674,7.716049e-04,1.000000e+00
675,3.832056e-04,1.000000e+00
676,3.669888e-04,1.000000e+00
677,3.758747e-04,1.000000e+00
678,1.984127e-05,1.000000e+00
679,6.809484e-05,1.000000e+00
680,3.592136e-04,1.000000e+00
681,7.233796e-05,1.000000e+00
682,3.998667e-04,1.000000e+00
683,1.511716e-04,1.000000e+00
684,9.462154e-05,1.000000e+00
685,5.104615e-04,1.000000e+00
686,1.167559e-04,1.000000e+00
687,1.488095e-04,1.000000e+00
688,3.468751e-04,1.000000e+00
689,6.944444e-05,1.000000e+00
690,1.393079e-04,1.000000e+00
691,5.787037e-04,1.000000e+00
692,3.783183e-04,1.000000e+00
693,3.915362e-04,1.000000e+00
694,3.336666e-04,1.000000e+00
695,1.157407e-04,1.000000e+00
696,1.393079e-04,1.000000e+00
697,6.944444e-05,1.000000e+00
698,2.604803e-04,1.000000e+00
699,2.445471e-04,1.000000e+00
700,4.279490e-04,1.000000e+00
701,6.944444e-05,1.000000e+00
702,3.902033e-04,1.000000e+00
703,3.720238e-04,1.000000e+00
704,3.845385e-04,1.000000e+00
705,3.705432e-04,1.000000e+00
706,2.445471e-04,1.000000e+00
707,1.148222e-05,1.000000e+00
708,2.099605e-05,1.000000e+00
709,1.028893e-03,1.000000e+00
710,9.060814e-05,1.000000e+00
711,3.665445e-04,1.000000e+00
712,6.944444e-05,1.000000e+00
713,3.602133e-04,1.000000e+00
714,7.233796e-05,1.000000e+00
715,6.944444e-05,1.000000e+00
716,3.334444e-04,1.000000e+00
717,8.792327e-05,1.000000e+00
718,1.417234e-04,1.000000e+00
719,2.755732e-04,1.000000e+00
720,3.812063e-04,1.000000e+00
721,1.797027e-05,1.000000e+00
722,9.645062e-04,1.000000e+00
723,1.984449e-04,1.000000e+00
724,1.393079e-04,1.000000e+00
725,2.082546e-04,1.000000e+00
726,6.944444e-05,1.000000e+00
727,3.785405e-04,1.000000e+00
728,4.409171e-04,1.000000e+00
729,2.166376e-04,1.000000e+00
730,2.199518e-04,1.000000e+00
731,4.188275e-05,1.000000e+00
732,6.665634e-04,1.000000e+00
733,3.063725e-05,1.000000e+00
734,3.665863e-04,1.000000e+00
735,4.471801e-04,1.000000e+00
736,2.445471e-04,1.000000e+00
737,3.776519e-04,1.000000e+00
738,2.445471e-04,1.000000e+00
739,3.859825e-04,1.000000e+00
740,3.832056e-04,1.000000e+00
741,2.551020e-04,1.000000e+00
742,6.944444e-05,1.000000e+00
743,3.585984e-05,1.000000e+00
744,7.233796e-05,1.000000e+00
745,1.129068e-04,1.000000e+00
746,6.944444e-05,1.000000e+00
747,1.028893e-03,1.000000e+00
748,2.032539e-04,1.000000e+00
749,3.772076e-04,1.000000e+00
750,4.578755e-06,1.000000e+00
751,3.837127e-05,1.000000e+00
752,1.679039e-04,1.000000e+00
753,4.081973e-04,1.000000e+00
754,3.998667e-04,1.000000e+00
755,1.872874e-04,1.000000e+00
756,6.944444e-05,1.000000e+00
757,3.954237e-04,1.000000e+00
758,5.307621e-04,1.000000e+00
759,6.944444e-05,1.000000e+00
760,1.365068e-05,1.000000e+00
761,6.944444e-05,1.000000e+00
762,3.710985e-04,1.000000e+00
763,1.215575e-04,1.000000e+00
764,1.227683e-04,1.000000e+00
765,1.157407e-04,1.000000e+00
766,1.900505e-04,1.000000e+00
767,4.728013e-05,1.000000e+00
768,1.167134e-04,1.000000e+00
769,2.729634e-04,1.000000e+00
770,6.944444e-05,1.000000e+00
771,3.804287e-04,1.000000e+00
772,7.233796e-05,1.000000e+00
773,3.306878e-04,1.000000e+00
774,6.349206e-04,1.000000e+00
775,1.358085e-04,1.000000e+00
776,6.656678e-05,1.000000e+00
777,6.944444e-05,1.000000e+00
778,7.233796e-05,1.000000e+00
779,3.832056e-04,1.000000e+00
780,1.577909e-04,1.000000e+00
781,1.736111e-04,1.000000e+00
782,3.915362e-04,1.000000e+00
783,9.462154e-05,1.000000e+00
784,6.944444e-05,1.000000e+00
785,1.073408e-04,1.000000e+00
786,3.637676e-04,1.000000e+00
787,1.790480e-05,1.000000e+00
788,3.592136e-04,1.000000e+00
789,1.488095e-04,1.000000e+00
790,6.944444e-05,1.000000e+00
791,6.809484e-05,1.000000e+00
792,3.649894e-04,1.000000e+00
793,4.109741e-04,1.000000e+00
794,9.989814e-05,1.000000e+00
795,2.551020e-04,1.000000e+00
796,6.944444e-05,1.000000e+00
797,4.905808e-04,1.000000e+00
798,4.471801e-04,1.000000e+00
799,1.356668e-05,1.000000e+00
800,3.996446e-04,1.000000e+00
801,4.355507e-05,1.000000e+00
802,1.900505e-04,1.000000e+00
803,6.944444e-05,1.000000e+00
804,2.626050e-04,1.000000e+00
805,3.832056e-04,1.000000e+00
806,1.977984e-04,1.000000e+00
807,1.734704e-04,1.000000e+00
808,8.792327e-05,1.000000e+00
809,6.944444e-05,1.000000e+00
810,3.523517e-04,1.000000e+00
811,1.105217e-04,1.000000e+00
812,2.928241e-04,1.000000e+00
813,6.944444e-05,1.000000e+00
814,3.868710e-04,1.000000e+00
815,1.736111e-04,1.000000e+00
816,3.723203e-04,1.000000e+00
817,2.354788e-04,1.000000e+00
818,1.393079e-04,1.000000e+00
819,4.098634e-04,1.000000e+00
820,3.962013e-04,1.000000e+00
821,3.306878e-04,1.000000e+00
822,3.740975e-04,1.000000e+00
823,3.488575e-06,1.000000e+00
824,2.594089e-04,1.000000e+00
825,3.822059e-04,1.000000e+00
826,6.944444e-05,1.000000e+00
827,3.705432e-04,1.000000e+00
828,5.668934e-05,1.000000e+00
829,7.233796e-05,1.000000e+00
830,7.627283e-05,1.000000e+00
831,1.227683e-04,1.000000e+00
832,3.859825e-04,1.000000e+00
833,2.755732e-04,1.000000e+00
834,3.890445e-05,1.000000e+00
835,1.488095e-04,1.000000e+00
836,6.944444e-05,1.000000e+00
837,5.314166e-05,1.000000e+00
838,5.787037e-04,1.000000e+00
839,3.332223e-04,1.000000e+00
840,9.016104e-05,1.000000e+00
841,3.608697e-04,1.000000e+00
842,4.113073e-04,1.000000e+00
843,4.960317e-05,1.000000e+00
844,2.445471e-04,1.000000e+00
845,3.707653e-04,1.000000e+00
846,3.665863e-04,1.000000e+00
847,3.649894e-04,1.000000e+00
848,3.045654e-04,1.000000e+00
849,9.685410e-04,1.000000e+00
850,1.417234e-04,1.000000e+00
851,1.984449e-04,1.000000e+00
852,1.012384e-04,1.000000e+00
853,4.035587e-05,1.000000e+00
854,2.755732e-04,1.000000e+00
855,2.755732e-04,1.000000e+00
856,5.090449e-05,1.000000e+00
857,2.143347e-05,1.000000e+00
858,6.944444e-05,1.000000e+00
859,3.705432e-04,1.000000e+00
860,3.669888e-04,1.000000e+00
861,3.615462e-04,1.000000e+00
862,2.445471e-04,1.000000e+00
863,1.417234e-04,1.000000e+00
864,6.944444e-05,1.000000e+00
865,5.263461e-04,1.000000e+00
866,1.305613e-04,1.000000e+00
867,3.915362e-04,1.000000e+00
868,6.944444e-05,1.000000e+00
869,1.187085e-05,1.000000e+00
870,1.307570e-04,1.000000e+00
871,3.674616e-04,1.000000e+00
872,6.944444e-05,1.000000e+00
873,5.498794e-04,1.000000e+00
874,3.565478e-04,1.000000e+00
875,7.936508e-04,1.000000e+00
876,2.445471e-04,1.000000e+00
877,3.970899e-04,1.000000e+00
878,3.705432e-04,1.000000e+00
879,6.944444e-05,1.000000e+00
880,3.852049e-04,1.000000e+00
881,6.944444e-05,1.000000e+00
882,2.713336e-04,1.000000e+00
883,2.755732e-04,1.000000e+00
884,6.944444e-05,1.000000e+00
885,1.227683e-04,1.000000e+00
886,6.944444e-05,1.000000e+00
887,1.028893e-03,1.000000e+00
888,1.157407e-04,1.000000e+00
889,3.693213e-04,1.000000e+00
890,3.894257e-04,1.000000e+00
891,2.445471e-04,1.000000e+00
892,2.719736e-04,1.000000e+00
893,4.012346e-04,1.000000e+00
894,2.179991e-04,1.000000e+00
895,3.776519e-04,1.000000e+00
896,2.176871e-04,1.000000e+00
897,6.944444e-05,1.000000e+00
898,6.944444e-05,1.000000e+00
899,3.589744e-04,1.000000e+00
900,2.273479e-04,1.000000e+00
901,6.181201e-04,1.000000e+00
902,6.944444e-05,1.000000e+00
903,2.445471e-04,1.000000e+00
904,4.464286e-05,1.000000e+00
905,3.970899e-04,1.000000e+00
906,3.472222e-04,1.000000e+00
907,2.408890e-04,1.000000e+00
908,3.503277e-04,1.000000e+00
909,2.803096e-04,1.000000e+00
910,1.736111e-04,1.000000e+00
911,3.211509e-04,1.000000e+00
912,4.991032e-05,1.000000e+00
913,6.944444e-05,1.000000e+00
914,3.804287e-04,1.000000e+00
915,1.322751e-04,1.000000e+00
916,3.527713e-04,1.000000e+00
917,6.944444e-05,1.000000e+00
918,4.471801e-04,1.000000e+00
919,6.857140e-04,1.000000e+00
920,4.471801e-04,1.000000e+00
921,5.124154e-04,1.000000e+00
922,4.568681e-05,1.000000e+00
923,3.705432e-04,1.000000e+00
924,7.716049e-04,1.000000e+00
925,2.755732e-04,1.000000e+00
926,6.944444e-05,1.000000e+00
927,3.525361e-04,1.000000e+00
928,3.804287e-04,1.000000e+00
929,9.093915e-05,1.000000e+00
930,2.438323e-04,1.000000e+00
931,6.944444e-05,1.000000e+00
932,1.984449e-04,1.000000e+00
933,8.792327e-05,1.000000e+00
934,1.365068e-05,1.000000e+00
935,5.818630e-04,1.000000e+00
936,3.643230e-04,1.000000e+00
937,3.915362e-04,1.000000e+00
938,2.445471e-04,1.000000e+00
939,2.480159e-04,1.000000e+00
940,6.944444e-05,1.000000e+00
941,7.233796e-05,1.000000e+00
942,3.796512e-04,1.000000e+00
943,6.071463e-04,1.000000e+00
944,6.944444e-05,1.000000e+00
945,1.406089e-04,1.000000e+00
946,2.674574e-05,1.000000e+00
947,3.808730e-04,1.000000e+00
948,5.039053e-05,1.000000e+00
949,2.876498e-04,1.000000e+00
950,4.598662e-05,1.000000e+00
951,1.406089e-04,1.000000e+00
952,1.679039e-04,1.000000e+00
953,4.026436e-04,1.000000e+00
954,3.808730e-04,1.000000e+00
955,1.872874e-04,1.000000e+00
956,6.944444e-05,1.000000e+00
957,6.628788e-04,1.000000e+00
958,4.960317e-04,1.000000e+00
959,2.801616e-04,1.000000e+00
960,1.683502e-04,1.000000e+00
961,3.112907e-04,1.000000e+00
962,7.233796e-05,1.000000e+00
963,6.944444e-05,1.000000e+00
964,3.116882e-05,1.000000e+00
965,3.732089e-04,1.000000e+00
966,1.227683e-04,1.000000e+00
967,1.027048e-03,1.000000e+00
968,2.192059e-04,1.000000e+00
969,7.233796e-05,1.000000e+00
970,3.804287e-04,1.000000e+00
971,8.573388e-05,1.000000e+00
972,7.368537e-05,1.000000e+00
973,2.354788e-04,1.000000e+00
974,1.614514e-04,1.000000e+00
975,3.518827e-04,1.000000e+00
976,3.812063e-04,1.000000e+00
977,7.546523e-07,1.000000e+00
978,7.233796e-05,1.000000e+00
979,5.787037e-04,1.000000e+00
980,3.571429e-04,1.000000e+00
981,4.471801e-04,1.000000e+00
982,4.331889e-04,1.000000e+00
983,6.944444e-05,1.000000e+00
984,3.642878e-04,1.000000e+00
985,7.233796e-05,1.000000e+00
986,2.551020e-04,1.000000e+00
987,6.944444e-05,1.000000e+00
988,4.471801e-04,1.000000e+00
989,3.883150e-04,1.000000e+00
990,2.408890e-04,1.000000e+00
991,2.755732e-04,1.000000e+00
992,3.494575e-04,1.000000e+00
993,5.818630e-04,1.000000e+00
994,8.023569e-05,1.000000e+00
995,5.787037e-04,1.000000e+00
996,3.932023e-04,1.000000e+00
997,6.809484e-05,1.000000e+00
998,6.607771e-05,1.000000e+00
999,5.113432e-06,1.000000e+00
1000,5.023452e-06,1.000000e+00
1001,3.674331e-04,1.000000e+00
1002,1.157407e-04,1.000000e+00
1003,1.028893e-03,1.000000e+00
1004,1.832562e-04,1.000000e+00
1005,2.480159e-04,1.000000e+00
1006,6.944444e-05,1.000000e+00
1007,1.869658e-04,1.000000e+00
1008,1.869658e-04,1.000000e+00
1009,3.915362e-04,1.000000e+00
1010,6.944444e-05,1.000000e+00
1011,3.798734e-04,1.000000e+00
1012,3.064124e-04,1.000000e+00
1013,3.859825e-04,1.000000e+00
1014,2.199518e-04,1.000000e+00
1015,3.843163e-04,1.000000e+00
1016,1.220082e-04,1.000000e+00
1017,1.512623e-04,1.000000e+00
1018,1.406089e-04,1.000000e+00
1019,3.337776e-04,1.000000e+00
1020,1.227683e-04,1.000000e+00
1021,1.074366e-04,1.000000e+00
1022,2.445471e-04,1.000000e+00
1023,2.099605e-05,1.000000e+00
1024,5.686737e-05,1.000000e+00
1025,5.621944e-04,1.000000e+00
1026,2.245546e-04,1.000000e+00
1027,6.944444e-05,1.000000e+00
1028,4.276352e-04,1.000000e+00
1029,3.804287e-04,1.000000e+00
1030,1.900505e-04,1.000000e+00
1031,1.262626e-04,1.000000e+00
1032,3.698767e-04,1.000000e+00
1033,2.589086e-04,1.000000e+00
1034,6.944444e-05,1.000000e+00
1035,3.720982e-04,1.000000e+00
1036,4.960317e-05,1.000000e+00
1037,2.445471e-04,1.000000e+00
1038,3.804287e-04,1.000000e+00
1039,3.776519e-04,1.000000e+00
1040,3.306878e-04,1.000000e+00
1041,4.468510e-04,1.000000e+00
1042,6.809484e-05,1.000000e+00
1043,3.368877e-04,1.000000e+00
1044,1.736111e-04,1.000000e+00
1045,3.637676e-04,1.000000e+00
1046,3.662113e-04,1.000000e+00
1047,9.419893e-05,1.000000e+00
1048,2.469136e-04,1.000000e+00
1049,6.944444e-05,1.000000e+00
1050,3.345551e-04,1.000000e+00
1051,6.944444e-05,1.000000e+00
1052,6.521614e-05,1.000000e+00
1053,2.480159e-04,1.000000e+00
1054,3.674616e-04,1.000000e+00
1055,3.986449e-04,1.000000e+00
1056,2.438323e-04,1.000000e+00
1057,9.093915e-05,1.000000e+00
1058,6.944444e-05,1.000000e+00
1059,3.526602e-04,1.000000e+00
1060,4.109741e-04,1.000000e+00
1061,2.445471e-04,1.000000e+00
1062,9.743481e-05,1.000000e+00
1063,2.082546e-04,1.000000e+00
1064,3.689881e-04,1.000000e+00
1065,3.915362e-04,1.000000e+00
1066,3.665445e-04,1.000000e+00
1067,1.240079e-04,1.000000e+00
1068,3.693213e-04,1.000000e+00
1069,9.548611e-04,1.000000e+00
1070,2.162569e-04,1.000000e+00
1071,2.550359e-04,1.000000e+00
1072,3.634344e-04,1.000000e+00
1073,6.944444e-04,1.000000e+00
1074,3.564367e-04,1.000000e+00
1075,2.193063e-04,1.000000e+00
1076,5.787037e-04,1.000000e+00
1077,4.471801e-04,1.000000e+00
1078,4.610886e-04,1.000000e+00
1079,9.743481e-05,1.000000e+00
1080,6.987444e-05,1.000000e+00
1081,3.804287e-04,1.000000e+00
1082,3.794291e-04,1.000000e+00
1083,1.262626e-04,1.000000e+00
1084,9.683546e-05,1.000000e+00
1085,5.372489e-05,1.000000e+00
1086,4.991032e-05,1.000000e+00
1087,7.294585e-05,1.000000e+00
1088,3.859825e-04,1.000000e+00
1089,6.944444e-05,1.000000e+00
1090,3.798734e-04,1.000000e+00
1091,3.748750e-04,1.000000e+00
1092,9.690486e-06,1.000000e+00
1093,5.668934e-05,1.000000e+00
1094,3.832056e-04,1.000000e+00
1095,6.944444e-05,1.000000e+00
1096,3.797552e-04,1.000000e+00
1097,1.227683e-04,1.000000e+00
1098,5.409975e-04,1.000000e+00
1099,6.944444e-05,1.000000e+00
1100,7.233796e-05,1.000000e+00
1101,4.179527e-04,1.000000e+00
1102,5.023452e-06,1.000000e+00
1103,6.944444e-05,1.000000e+00
1104,3.693213e-04,1.000000e+00
1105,3.832056e-04,1.000000e+00
1106,2.445471e-04,1.000000e+00
1107,1.157407e-04,1.000000e+00
1108,6.944444e-05,1.000000e+00
1109,6.944444e-05,1.000000e+00
1110,6.944444e-05,1.000000e+00
1111,2.799474e-05,1.000000e+00
1112,1.286008e-04,1.000000e+00
1113,3.472222e-04,1.000000e+00
1114,2.893519e-06,1.000000e+00
1115,3.588804e-04,1.000000e+00
1116,3.306878e-04,1.000000e+00
1117,6.944444e-05,1.000000e+00
1118,3.858025e-05,1.000000e+00
1119,4.091969e-04,1.000000e+00
1120,8.726484e-05,1.000000e+00
1121,1.227683e-04,1.000000e+00
1122,3.720982e-04,1.000000e+00
1123,2.438323e-04,1.000000e+00
1124,4.081973e-04,1.000000e+00
1125,7.233796e-05,1.000000e+00
1126,2.354788e-04,1.000000e+00
1127,6.944444e-05,1.000000e+00
1128,3.606576e-04,1.000000e+00
1129,1.869658e-04,1.000000e+00
1130,6.656678e-05,1.000000e+00
1131,1.869658e-04,1.000000e+00
1132,1.946549e-04,1.000000e+00
1133,3.773434e-04,1.000000e+00
1134,2.269828e-05,1.000000e+00
1135,3.972009e-04,1.000000e+00
1136,3.943130e-04,1.000000e+00
1137,6.944444e-05,1.000000e+00
1138,2.271474e-04,1.000000e+00
1139,6.944444e-05,1.000000e+00
1140,6.944444e-05,1.000000e+00
1141,9.228710e-05,1.000000e+00
1142,5.787037e-04,1.000000e+00
1143,3.892036e-04,1.000000e+00
1144,1.104798e-04,1.000000e+00
1145,3.585472e-04,1.000000e+00
1146,3.865378e-04,1.000000e+00
1147,3.915362e-04,1.000000e+00
1148,1.307570e-04,1.000000e+00
1149,3.869821e-04,1.000000e+00
1150,2.356151e-04,1.000000e+00
1151,3.338887e-04,1.000000e+00
1152,3.887593e-04,1.000000e+00
1153,2.273479e-04,1.000000e+00
1154,2.438323e-04,1.000000e+00
1155,8.171381e-04,1.000000e+00
1156,5.307621e-04,1.000000e+00
1157,2.876498e-04,1.000000e+00
1158,2.551020e-04,1.000000e+00
1159,1.157407e-04,1.000000e+00
1160,1.227683e-04,1.000000e+00
1161,6.809484e-05,1.000000e+00
1162,1.417234e-04,1.000000e+00
1163,2.040125e-04,1.000000e+00
1164,3.306878e-04,1.000000e+00
1165,6.944444e-05,1.000000e+00
1166,3.112907e-04,1.000000e+00
1167,1.929012e-04,1.000000e+00
1168,1.791226e-04,1.000000e+00
1169,4.728013e-05,1.000000e+00
1170,3.306878e-04,1.000000e+00
1171,1.869658e-04,1.000000e+00
1172,3.522159e-04,1.000000e+00
1173,3.654337e-04,1.000000e+00
1174,1.227683e-04,1.000000e+00
1175,6.944444e-05,1.000000e+00
1176,3.345551e-04,1.000000e+00
1177,3.872043e-04,1.000000e+00
1178,1.249029e-04,1.000000e+00
1179,3.521049e-04,1.000000e+00
1180,3.693213e-04,1.000000e+00
1181,1.759990e-04,1.000000e+00
1182,3.582139e-04,1.000000e+00
1183,6.944444e-05,1.000000e+00
1184,7.233796e-05,1.000000e+00
1185,3.306878e-05,1.000000e+00
1186,3.665863e-04,1.000000e+00
1187,6.987444e-05,1.000000e+00
1188,2.551020e-04,1.000000e+00
1189,1.157407e-04,1.000000e+00
1190,7.233796e-05,1.000000e+00
1191,1.929012e-04,1.000000e+00
1192,3.718760e-04,1.000000e+00
1193,2.445471e-04,1.000000e+00
1194,1.406089e-04,1.000000e+00
1195,3.393759e-05,1.000000e+00
1196,6.418978e-05,1.000000e+00
1197,6.944444e-05,1.000000e+00
1198,3.712096e-04,1.000000e+00
1199,3.713268e-04,1.000000e+00
1200,6.944444e-05,1.000000e+00
1201,6.944444e-05,1.000000e+00
1202,4.055315e-04,1.000000e+00
1203,3.752083e-04,1.000000e+00
1204,3.732089e-04,1.000000e+00
1205,9.462154e-05,1.000000e+00
1206,2.082546e-04,1.000000e+00
1207,3.306878e-05,1.000000e+00
1208,1.227683e-04,1.000000e+00
1209,8.290816e-05,1.000000e+00
1210,1.247758e-04,1.000000e+00
1211,6.944444e-05,1.000000e+00
1212,1.157407e-04,1.000000e+00
1213,3.698767e-04,1.000000e+00
1214,3.642878e-04,1.000000e+00
1215,3.472222e-04,1.000000e+00
1216,3.550757e-04,1.000000e+00
1217,3.625458e-04,1.000000e+00
1218,3.796512e-04,1.000000e+00
1219,1.946549e-04,1.000000e+00
1220,3.306878e-04,1.000000e+00
1221,9.093915e-05,1.000000e+00
1222,6.944444e-05,1.000000e+00
1223,6.944444e-05,1.000000e+00
1224,3.581029e-04,1.000000e+00
1225,9.254808e-05,1.000000e+00
1226,9.093915e-05,1.000000e+00
1227,1.417234e-04,1.000000e+00
1228,3.637676e-04,1.000000e+00
1229,3.588804e-04,1.000000e+00
1230,1.488095e-04,1.000000e+00
1231,4.025325e-04,1.000000e+00
1232,5.787037e-04,1.000000e+00
1233,3.776519e-04,1.000000e+00
1234,4.137510e-04,1.000000e+00
1235,3.833599e-04,1.000000e+00
1236,4.279490e-04,1.000000e+00
1237,6.944444e-05,1.000000e+00
1238,4.054204e-04,1.000000e+00
1239,2.893519e-04,1.000000e+00
1240,6.944444e-05,1.000000e+00
1241,2.443506e-04,1.000000e+00
1242,4.030501e-04,1.000000e+00
1243,3.045654e-04,1.000000e+00
1244,9.254808e-05,1.000000e+00
1245,1.406089e-04,1.000000e+00
1246,2.612627e-04,1.000000e+00
1247,1.860119e-05,1.000000e+00
1248,6.944444e-05,1.000000e+00
1249,1.079665e-05,1.000000e+00
1250,3.545485e-04,1.000000e+00
1251,7.720014e-05,1.000000e+00
1252,3.665445e-04,1.000000e+00
1253,3.665445e-04,1.000000e+00
1254,1.900505e-04,1.000000e+00
1255,1.180828e-05,1.000000e+00
1256,3.693213e-04,1.000000e+00
1257,1.307570e-04,1.000000e+00
1258,6.944444e-05,1.000000e+00
1259,1.417234e-04,1.000000e+00
1260,3.112907e-04,1.000000e+00
1261,1.952322e-04,1.000000e+00
1262,6.944444e-05,1.000000e+00
1263,3.494575e-04,1.000000e+00
1264,3.572143e-04,1.000000e+00
1265,4.169721e-04,1.000000e+00
1266,2.445471e-04,1.000000e+00
1267,5.229146e-04,1.000000e+00
1268,1.167559e-04,1.000000e+00
1269,6.944444e-05,1.000000e+00
1270,3.642878e-04,1.000000e+00
1271,9.093915e-05,1.000000e+00
1272,2.445471e-04,1.000000e+00
1273,3.742532e-05,1.000000e+00
1274,4.065312e-04,1.000000e+00
1275,3.306878e-04,1.000000e+00
1276,2.082546e-04,1.000000e+00
1277,2.801616e-04,1.000000e+00
1278,3.772076e-04,1.000000e+00
1279,3.472222e-04,1.000000e+00
1280,4.901961e-04,1.000000e+00
1281,3.907586e-04,1.000000e+00
1282,5.144033e-04,1.000000e+00
1283,3.923137e-04,1.000000e+00
1284,3.869821e-04,1.000000e+00
1285,5.878895e-05,1.000000e+00
1286,1.247758e-04,1.000000e+00
1287,3.665445e-04,1.000000e+00
1288,3.578026e-04,1.000000e+00
1289,5.686737e-05,1.000000e+00
1290,4.179527e-04,1.000000e+00
1291,4.960317e-05,1.000000e+00
1292,6.944444e-05,1.000000e+00
1293,2.082546e-04,1.000000e+00
1294,5.668934e-05,1.000000e+00
1295,6.944444e-05,1.000000e+00
1296,1.406089e-04,1.000000e+00
1297,7.348618e-06,1.000000e+00
1298,4.553597e-05,1.000000e+00
1299,3.625458e-04,1.000000e+00
1300,1.417234e-04,1.000000e+00
1301,4.054204e-04,1.000000e+00
1302,1.074366e-04,1.000000e+00
1303,3.616898e-05,1.000000e+00
1304,1.417234e-04,1.000000e+00
1305,1.028893e-03,1.000000e+00
1306,6.944444e-05,1.000000e+00
1307,2.116243e-04,1.000000e+00
1308,3.649894e-04,1.000000e+00
1309,3.627680e-04,1.000000e+00
1310,2.185727e-04,1.000000e+00
1311,7.952009e-04,1.000000e+00
1312,6.944444e-05,1.000000e+00
1313,1.929012e-04,1.000000e+00
1314,3.625458e-04,1.000000e+00
1315,2.469136e-04,1.000000e+00
1316,3.858025e-06,1.000000e+00
1317,3.838720e-04,1.000000e+00
1318,6.944444e-05,1.000000e+00
1319,6.944444e-05,1.000000e+00
1320,3.652116e-04,1.000000e+00
1321,4.203043e-04,1.000000e+00
1322,1.797027e-05,1.000000e+00
1323,6.656678e-05,1.000000e+00
1324,7.315216e-05,1.000000e+00
1325,6.944444e-05,1.000000e+00
1326,3.748750e-04,1.000000e+00
1327,3.498834e-04,1.000000e+00
1328,3.306878e-04,1.000000e+00
1329,7.233796e-05,1.000000e+00
1330,4.727021e-05,1.000000e+00
1331,1.823362e-04,1.000000e+00
1332,1.220082e-04,1.000000e+00
1333,3.637676e-04,1.000000e+00
1334,2.755732e-04,1.000000e+00
1335,2.445471e-04,1.000000e+00
1336,3.785405e-04,1.000000e+00
1337,3.779289e-05,1.000000e+00
1338,3.772076e-04,1.000000e+00
1339,6.944444e-05,1.000000e+00
1340,3.765412e-04,1.000000e+00
1341,4.166667e-04,1.000000e+00
1342,4.901961e-04,1.000000e+00
1343,1.012384e-04,1.000000e+00
1344,3.662113e-04,1.000000e+00
1345,6.944444e-05,1.000000e+00
1346,6.944444e-05,1.000000e+00
1347,2.755732e-04,1.000000e+00
1348,6.944444e-05,1.000000e+00
1349,3.378874e-04,1.000000e+00
1350,3.306878e-04,1.000000e+00
1351,6.944444e-05,1.000000e+00
1352,2.445471e-04,1.000000e+00
1353,3.692103e-04,1.000000e+00
1354,4.598662e-05,1.000000e+00
1355,4.054204e-04,1.000000e+00
1356,6.944444e-05,1.000000e+00
1357,3.656484e-04,1.000000e+00
1358,3.306878e-04,1.000000e+00
1359,3.621015e-04,1.000000e+00
1360,3.020282e-04,1.000000e+00
1361,3.720982e-04,1.000000e+00
1362,2.723312e-05,1.000000e+00
1363,2.727567e-06,1.000000e+00
1364,3.869821e-04,1.000000e+00
1365,1.221001e-04,1.000000e+00
1366,2.626050e-04,1.000000e+00
1367,4.728013e-05,1.000000e+00
1368,2.755732e-04,1.000000e+00
1369,3.494575e-04,1.000000e+00
1370,3.698767e-04,1.000000e+00
1371,7.936508e-04,1.000000e+00
1372,2.755732e-04,1.000000e+00
1373,1.256614e-04,1.000000e+00
1374,6.944444e-05,1.000000e+00
1375,3.642878e-04,1.000000e+00
1376,3.775408e-04,1.000000e+00
1377,6.944444e-05,1.000000e+00
1378,2.803096e-04,1.000000e+00
1379,3.936466e-04,1.000000e+00
1380,3.642878e-04,1.000000e+00
1381,4.011996e-04,1.000000e+00
1382,4.176386e-04,1.000000e+00
1383,1.736111e-04,1.000000e+00
1384,3.996446e-04,1.000000e+00
1385,2.480159e-04,1.000000e+00
1386,3.776519e-04,1.000000e+00
1387,6.944444e-05,1.000000e+00
1388,6.181201e-04,1.000000e+00
1389,1.900505e-04,1.000000e+00
1390,2.166376e-04,1.000000e+00
1391,3.571429e-04,1.000000e+00
1392,3.720238e-04,1.000000e+00
1393,3.728757e-04,1.000000e+00
1394,6.944444e-05,1.000000e+00
1395,3.754304e-04,1.000000e+00
1396,2.862420e-04,1.000000e+00
1397,3.338887e-04,1.000000e+00
1398,1.869658e-04,1.000000e+00
1399,2.445471e-04,1.000000e+00
1400,6.937507e-05,1.000000e+00
1401,3.665445e-04,1.000000e+00
1402,3.374614e-05,1.000000e+00
1403,1.287363e-05,1.000000e+00
1404,1.330825e-04,1.000000e+00
1405,5.274546e-04,1.000000e+00
1406,3.306878e-04,1.000000e+00
1407,1.157407e-04,1.000000e+00
1408,3.332433e-04,1.000000e+00
1409,1.092863e-03,1.000000e+00
1410,2.755732e-04,1.000000e+00
1411,3.674616e-04,1.000000e+00
1412,3.865378e-04,1.000000e+00
1413,3.845385e-04,1.000000e+00
1414,6.944444e-05,1.000000e+00
1415,6.944444e-05,1.000000e+00
1416,1.092863e-03,1.000000e+00
1417,3.332223e-04,1.000000e+00
1418,1.946549e-04,1.000000e+00
1419,3.945352e-04,1.000000e+00
1420,3.592136e-04,1.000000e+00
1421,3.517346e-04,1.000000e+00
1422,2.551020e-04,1.000000e+00
1423,4.960317e-04,1.000000e+00
1424,4.873053e-04,1.000000e+00
1425,4.471801e-04,1.000000e+00
1426,8.792327e-05,1.000000e+00
1427,5.701514e-04,1.000000e+00
1428,3.656484e-04,1.000000e+00
1429,7.928241e-04,1.000000e+00
1430,3.872043e-04,1.000000e+00
1431,2.480159e-04,1.000000e+00
1432,2.480159e-04,1.000000e+00
1433,5.787037e-04,1.000000e+00
1434,4.436083e-05,1.000000e+00
1435,6.944444e-05,1.000000e+00
1436,1.197848e-04,1.000000e+00
1437,3.649894e-04,1.000000e+00
1438,3.776519e-04,1.000000e+00
1439,3.674616e-04,1.000000e+00
1440,1.262626e-04,1.000000e+00
1441,3.812063e-04,1.000000e+00
1442,2.118903e-05,1.000000e+00
1443,4.026436e-04,1.000000e+00
1444,1.759990e-04,1.000000e+00
1445,3.858025e-05,1.000000e+00
1446,1.759990e-04,1.000000e+00
1447,1.092863e-03,1.000000e+00
1448,2.801616e-04,1.000000e+00
1449,6.944444e-05,1.000000e+00
1450,4.026436e-04,1.000000e+00
1451,2.445471e-04,1.000000e+00
1452,2.976190e-04,1.000000e+00
1453,4.199211e-05,1.000000e+00
1454,1.247758e-04,1.000000e+00
1455,1.324543e-04,1.000000e+00
1456,4.358564e-04,1.000000e+00
1457,6.944444e-05,1.000000e+00
1458,3.776519e-04,1.000000e+00
1459,2.199518e-04,1.000000e+00
1460,7.233796e-05,1.000000e+00
1461,3.735422e-04,1.000000e+00
1462,1.498661e-04,1.000000e+00
1463,1.470588e-04,1.000000e+00
1464,2.755732e-04,1.000000e+00
1465,5.511464e-04,1.000000e+00
1466,5.060729e-04,1.000000e+00
1467,6.944444e-04,1.000000e+00
1468,2.179991e-04,1.000000e+00
1469,2.551020e-04,1.000000e+00
1470,7.837882e-04,1.000000e+00
1471,2.005895e-04,1.000000e+00
1472,4.578755e-06,1.000000e+00
1473,9.462154e-05,1.000000e+00
1474,2.445471e-04,1.000000e+00
1475,1.736111e-04,1.000000e+00
1476,6.944444e-05,1.000000e+00
1477,8.708757e-05,1.000000e+00
1478,3.596579e-04,1.000000e+00
1479,6.944444e-05,1.000000e+00
1480,6.944444e-05,1.000000e+00
1481,3.796512e-04,1.000000e+00
1482,3.973984e-04,1.000000e+00
1483,9.093915e-05,1.000000e+00
1484,1.167559e-04,1.000000e+00
1485,1.872874e-04,1.000000e+00
1486,1.247758e-04,1.000000e+00
1487,4.728013e-05,1.000000e+00
1488,3.495697e-04,1.000000e+00
1489,5.372489e-05,1.000000e+00
1490,3.915362e-04,1.000000e+00
1491,6.944444e-05,1.000000e+00
1492,3.472222e-04,1.000000e+00
1493,1.949734e-04,1.000000e+00
1494,6.944444e-05,1.000000e+00
1495,3.400822e-04,1.000000e+00
1496,3.665445e-04,1.000000e+00
1497,2.803096e-04,1.000000e+00
1498,6.944444e-05,1.000000e+00
1499,6.944444e-05,1.000000e+00
1500,3.609908e-04,1.000000e+00
1501,3.609908e-04,1.000000e+00
1502,3.495697e-04,1.000000e+00
1503,6.944444e-05,1.000000e+00
1504,6.944444e-05,1.000000e+00
1505,3.041452e-04,1.000000e+00
1506,3.502139e-04,1.000000e+00
1507,1.215575e-04,1.000000e+00
1508,2.480159e-04,1.000000e+00
1509,6.607771e-05,1.000000e+00
1510,5.274546e-04,1.000000e+00
1511,3.715428e-04,1.000000e+00
1512,6.944444e-05,1.000000e+00
1513,6.944444e-05,1.000000e+00
1514,1.470588e-04,1.000000e+00
1515,5.199760e-04,1.000000e+00
1516,3.454380e-04,1.000000e+00
1517,1.653439e-04,1.000000e+00
1518,6.181201e-04,1.000000e+00
1519,5.686737e-05,1.000000e+00
1520,2.551020e-04,1.000000e+00
1521,4.054204e-04,1.000000e+00
1522,5.307621e-04,1.000000e+00
1523,2.594089e-04,1.000000e+00
1524,3.340376e-04,1.000000e+00
1525,3.698767e-04,1.000000e+00
1526,3.720982e-04,1.000000e+00
1527,1.872874e-04,1.000000e+00
1528,3.998667e-04,1.000000e+00
1529,2.032539e-04,1.000000e+00
1530,9.743481e-05,1.000000e+00
1531,4.578755e-06,1.000000e+00
1532,4.728013e-05,1.000000e+00
1533,2.755732e-04,1.000000e+00
1534,6.944444e-05,1.000000e+00
1535,6.944444e-05,1.000000e+00
1536,6.944444e-05,1.000000e+00
1537,4.220815e-04,1.000000e+00
1538,3.720238e-04,1.000000e+00
1539,1.250000e-04,1.000000e+00
1540,3.306878e-04,1.000000e+00
1541,3.566099e-05,1.000000e+00
1542,6.944444e-05,1.000000e+00
1543,7.233796e-05,1.000000e+00
1544,1.147570e-04,1.000000e+00
1545,3.796512e-04,1.000000e+00
1546,3.306878e-05,1.000000e+00
1547,2.755732e-04,1.000000e+00
1548,3.693213e-04,1.000000e+00
1549,1.734704e-04,1.000000e+00
1550,4.021993e-04,1.000000e+00
1551,7.440476e-04,1.000000e+00
1552,3.589744e-04,1.000000e+00
1553,3.507295e-04,1.000000e+00
1554,6.809484e-05,1.000000e+00
1555,5.787037e-04,1.000000e+00
1556,7.348618e-06,1.000000e+00
1557,6.944444e-05,1.000000e+00
1558,5.827206e-04,1.000000e+00
1559,2.708978e-04,1.000000e+00
1560,7.233796e-05,1.000000e+00
1561,4.101966e-04,1.000000e+00
1562,2.445471e-04,1.000000e+00
1563,3.752083e-04,1.000000e+00
1564,6.944444e-05,1.000000e+00
1565,3.832056e-04,1.000000e+00
1566,1.977984e-04,1.000000e+00
1567,2.801616e-04,1.000000e+00
1568,3.354437e-04,1.000000e+00
1569,1.147570e-04,1.000000e+00
1570,3.658780e-04,1.000000e+00
1571,1.759990e-04,1.000000e+00
1572,7.626467e-05,1.000000e+00
1573,2.708978e-04,1.000000e+00
1574,3.998667e-04,1.000000e+00
1575,2.551020e-04,1.000000e+00
1576,3.915362e-04,1.000000e+00
1577,6.944444e-05,1.000000e+00
1578,3.909808e-04,1.000000e+00
1579,2.671613e-04,1.000000e+00
1580,1.249029e-04,1.000000e+00
1581,9.645062e-04,1.000000e+00
1582,6.809484e-05,1.000000e+00
1583,2.755732e-04,1.000000e+00
1584,2.801616e-04,1.000000e+00
1585,2.551020e-04,1.000000e+00
1586,3.698767e-04,1.000000e+00
1587,3.712096e-04,1.000000e+00
1588,3.306878e-05,1.000000e+00
1589,1.227683e-04,1.000000e+00
1590,1.023558e-05,1.000000e+00
1591,3.534377e-04,1.000000e+00
1592,4.546958e-04,1.000000e+00
1593,2.850757e-05,1.000000e+00
1594,3.061224e-04,1.000000e+00
1595,6.916996e-05,1.000000e+00
1596,6.071463e-04,1.000000e+00
1597,6.944444e-05,1.000000e+00
1598,3.859825e-04,1.000000e+00
1599,4.578755e-06,1.000000e+00
1600,5.827206e-04,1.000000e+00
1601,6.916996e-05,1.000000e+00
1602,1.550389e-04,1.000000e+00
1603,6.944444e-05,1.000000e+00
1604,3.776519e-04,1.000000e+00
1605,1.869658e-04,1.000000e+00
1606,3.112907e-04,1.000000e+00
1607,3.649894e-04,1.000000e+00
1608,1.929012e-04,1.000000e+00
1609,3.720238e-04,1.000000e+00
1610,1.406089e-04,1.000000e+00
1611,1.227683e-04,1.000000e+00
1612,7.482855e-05,1.000000e+00
1613,3.358880e-04,1.000000e+00
1614,2.109850e-05,1.000000e+00
1615,2.755732e-04,1.000000e+00
1616,3.609908e-04,1.000000e+00
1617,1.197848e-04,1.000000e+00
1618,2.445471e-04,1.000000e+00
1619,6.944444e-05,1.000000e+00
1620,6.944444e-05,1.000000e+00
1621,3.045654e-04,1.000000e+00
1622,6.944444e-05,1.000000e+00
1623,4.451849e-04,1.000000e+00
1624,5.620440e-04,1.000000e+00
1625,6.944444e-05,1.000000e+00
1626,1.742079e-04,1.000000e+00
1627,3.967566e-04,1.000000e+00
1628,3.063725e-05,1.000000e+00
1629,1.100902e-04,1.000000e+00
1630,2.445471e-04,1.000000e+00
1631,4.220815e-04,1.000000e+00
1632,1.736111e-04,1.000000e+00
1633,6.944444e-05,1.000000e+00
1634,2.445471e-04,1.000000e+00
1635,2.671613e-04,1.000000e+00
1636,1.734704e-04,1.000000e+00
1637,6.944444e-05,1.000000e+00
1638,3.822059e-04,1.000000e+00
1639,1.759990e-04,1.000000e+00
1640,1.157407e-04,1.000000e+00
1641,2.082546e-04,1.000000e+00
1642,1.262626e-04,1.000000e+00
1643,7.233796e-05,1.000000e+00
1644,6.944444e-05,1.000000e+00
1645,8.465608e-05,1.000000e+00
1646,6.944444e-05,1.000000e+00
1647,3.776519e-04,1.000000e+00
1648,6.274590e-04,1.000000e+00
1649,1.417234e-04,1.000000e+00
1650,6.944444e-05,1.000000e+00
1651,1.445397e-04,1.000000e+00
1652,3.915362e-04,1.000000e+00
1653,5.409975e-04,1.000000e+00
1654,1.488095e-04,1.000000e+00
1655,3.732089e-04,1.000000e+00
1656,2.480159e-04,1.000000e+00
1657,1.406089e-04,1.000000e+00
1658,1.180828e-05,1.000000e+00
1659,7.233796e-05,1.000000e+00
1660,1.900505e-04,1.000000e+00
1661,1.869658e-04,1.000000e+00
1662,6.944444e-05,1.000000e+00
1663,6.240673e-05,1.000000e+00
1664,2.877982e-05,1.000000e+00
1665,2.445471e-04,1.000000e+00
1666,3.843163e-04,1.000000e+00
1667,2.551020e-04,1.000000e+00
1668,3.887593e-04,1.000000e+00
1669,1.262626e-04,1.000000e+00
1670,3.609908e-04,1.000000e+00
1671,6.944444e-05,1.000000e+00
1672,6.944444e-05,1.000000e+00
1673,2.252016e-04,1.000000e+00
1674,1.072726e-04,1.000000e+00
1675,1.797027e-05,1.000000e+00
1676,5.235891e-04,1.000000e+00
1677,2.354788e-04,1.000000e+00
1678,9.114583e-04,1.000000e+00
1679,6.944444e-05,1.000000e+00
1680,6.530390e-05,1.000000e+00
1681,6.944444e-05,1.000000e+00
1682,1.550389e-04,1.000000e+00
1683,3.732089e-04,1.000000e+00
1684,4.331889e-04,1.000000e+00
1685,2.706327e-04,1.000000e+00
1686,3.693213e-04,1.000000e+00
1687,1.157407e-04,1.000000e+00
1688,7.440476e-04,1.000000e+00
1689,4.651433e-04,1.000000e+00
1690,3.622126e-04,1.000000e+00
1691,7.233796e-05,1.000000e+00
1692,3.820949e-04,1.000000e+00
1693,8.792327e-05,1.000000e+00
1694,6.944444e-05,1.000000e+00
1695,1.028893e-03,1.000000e+00
1696,2.109850e-05,1.000000e+00
1697,6.944444e-05,1.000000e+00
1698,3.776519e-04,1.000000e+00
1699,2.755732e-04,1.000000e+00
1700,3.539931e-04,1.000000e+00
1701,1.019814e-04,1.000000e+00
1702,3.989781e-04,1.000000e+00
1703,9.645062e-04,1.000000e+00
1704,2.438323e-04,1.000000e+00
1705,2.976190e-04,1.000000e+00
1706,2.755732e-04,1.000000e+00
1707,4.165278e-04,1.000000e+00
1708,2.803096e-04,1.000000e+00
1709,2.755732e-04,1.000000e+00
1710,3.581029e-04,1.000000e+00
1711,4.471801e-04,1.000000e+00
1712,9.254808e-05,1.000000e+00
1713,3.687660e-04,1.000000e+00
1714,3.649894e-04,1.000000e+00
1715,6.944444e-05,1.000000e+00
1716,9.645062e-04,1.000000e+00
1717,6.944444e-05,1.000000e+00
1718,6.916996e-05,1.000000e+00
1719,6.944444e-05,1.000000e+00
1720,4.054204e-04,1.000000e+00
1721,3.501401e-05,1.000000e+00
1722,5.648458e-04,1.000000e+00
1723,3.345551e-04,1.000000e+00
1724,5.787037e-04,1.000000e+00
1725,1.246753e-04,1.000000e+00
1726,6.944444e-05,1.000000e+00
1727,6.944444e-05,1.000000e+00
1728,3.998667e-04,1.000000e+00
1729,3.345551e-04,1.000000e+00
1730,4.054204e-04,1.000000e+00
1731,6.944444e-05,1.000000e+00
1732,3.732089e-04,1.000000e+00
1733,1.530583e-04,1.000000e+00
1734,6.944444e-05,1.000000e+00
1735,9.259259e-04,1.000000e+00
1736,1.884044e-04,1.000000e+00
1737,4.578755e-06,1.000000e+00
1738,4.249279e-06,1.000000e+00
1739,9.797352e-05,1.000000e+00
1740,1.211311e-05,1.000000e+00
1741,6.240673e-05,1.000000e+00
1742,9.228710e-05,1.000000e+00
1743,6.944444e-05,1.000000e+00
1744,3.798734e-04,1.000000e+00
1745,2.850757e-05,1.000000e+00
1746,1.074366e-04,1.000000e+00
1747,6.181201e-04,1.000000e+00
1748,2.526404e-04,1.000000e+00
1749,2.445471e-04,1.000000e+00
1750,1.157407e-04,1.000000e+00
1751,5.372489e-05,1.000000e+00
1752,6.944444e-05,1.000000e+00
1753,2.550359e-04,1.000000e+00
1754,6.944444e-05,1.000000e+00
1755,4.105298e-04,1.000000e+00
1756,6.944444e-05,1.000000e+00
1757,3.609908e-04,1.000000e+00
1758,6.071463e-04,1.000000e+00
1759,1.797027e-05,1.000000e+00
1760,6.944444e-05,1.000000e+00
1761,7.233796e-05,1.000000e+00
1762,6.944444e-05,1.000000e+00
1763,1.416618e-04,1.000000e+00
1764,3.665863e-04,1.000000e+00
1765,3.740975e-04,1.000000e+00
1766,7.482855e-05,1.000000e+00
1767,3.766522e-04,1.000000e+00
1768,6.944444e-05,1.000000e+00
1769,2.801616e-04,1.000000e+00
1770,6.944444e-05,1.000000e+00
1771,6.944444e-05,1.000000e+00
1772,1.869658e-04,1.000000e+00
1773,6.944444e-05,1.000000e+00
1774,1.104798e-04,1.000000e+00
1775,2.755732e-04,1.000000e+00
1776,2.755732e-04,1.000000e+00
1777,3.441075e-04,1.000000e+00
1778,1.167134e-04,1.000000e+00
1779,3.336666e-04,1.000000e+00
1780,5.153218e-04,1.000000e+00
1781,3.665863e-04,1.000000e+00
1782,3.494575e-04,1.000000e+00
1783,2.445471e-04,1.000000e+00
1784,4.728013e-05,1.000000e+00
1785,3.337776e-04,1.000000e+00
1786,4.026436e-04,1.000000e+00
1787,2.480159e-04,1.000000e+00
1788,4.081973e-04,1.000000e+00
1789,6.944444e-05,1.000000e+00
1790,6.944444e-05,1.000000e+00
1791,5.384615e-04,1.000000e+00
1792,1.079665e-05,1.000000e+00
1793,3.985338e-04,1.000000e+00
1794,3.860935e-04,1.000000e+00
1795,3.306878e-04,1.000000e+00
1796,2.418745e-04,1.000000e+00
1797,1.055451e-04,1.000000e+00
1798,3.368877e-04,1.000000e+00
1799,3.569461e-04,1.000000e+00
1800,1.262626e-04,1.000000e+00
1801,1.167134e-04,1.000000e+00
1802,6.944444e-05,1.000000e+00
1803,6.944444e-05,1.000000e+00
1804,2.551020e-04,1.000000e+00
1805,3.693213e-04,1.000000e+00
1806,6.944444e-05,1.000000e+00
1807,3.718760e-04,1.000000e+00
1808,1.417234e-04,1.000000e+00
1809,1.246753e-04,1.000000e+00
1810,3.998667e-04,1.000000e+00
1811,3.552149e-04,1.000000e+00
1812,5.480497e-04,1.000000e+00
1813,4.169476e-05,1.000000e+00
1814,3.970899e-04,1.000000e+00
1815,7.416161e-06,1.000000e+00
1816,3.798734e-04,1.000000e+00
1817,1.028893e-03,1.000000e+00
1818,1.869658e-04,1.000000e+00
1819,3.585472e-04,1.000000e+00
1820,1.869658e-04,1.000000e+00
1821,2.723312e-05,1.000000e+00
1822,9.685410e-04,1.000000e+00
1823,6.944444e-05,1.000000e+00
1824,3.665445e-04,1.000000e+00
1825,7.233796e-05,1.000000e+00
1826,8.708757e-05,1.000000e+00
1827,3.472222e-04,1.000000e+00
1828,2.445471e-04,1.000000e+00
1829,7.315216e-05,1.000000e+00
1830,5.065753e-04,1.000000e+00
1831,1.406089e-04,1.000000e+00
1832,3.472222e-04,1.000000e+00
1833,4.578755e-06,1.000000e+00
1834,1.167559e-04,1.000000e+00
1835,1.511716e-04,1.000000e+00
1836,3.306878e-04,1.000000e+00
1837,3.256003e-04,1.000000e+00
1838,6.944444e-05,1.000000e+00
1839,6.905213e-04,1.000000e+00
1840,6.944444e-05,1.000000e+00
1841,4.610886e-04,1.000000e+00
1842,1.638082e-06,1.000000e+00
1843,3.483648e-04,1.000000e+00
1844,4.553597e-05,1.000000e+00
1845,5.498794e-04,1.000000e+00
1846,3.747640e-04,1.000000e+00
1847,5.818630e-04,1.000000e+00
1848,2.551020e-04,1.000000e+00
1849,6.944444e-05,1.000000e+00
1850,1.653439e-04,1.000000e+00
1851,7.233796e-05,1.000000e+00
1852,3.632123e-04,1.000000e+00
1853,1.262626e-04,1.000000e+00
1854,6.944444e-05,1.000000e+00
1855,6.944444e-05,1.000000e+00
1856,1.900505e-04,1.000000e+00
1857,3.693213e-04,1.000000e+00
1858,2.061287e-04,1.000000e+00
1859,3.340376e-04,1.000000e+00
1860,4.026436e-04,1.000000e+00
1861,7.877334e-04,1.000000e+00
1862,9.645062e-04,1.000000e+00
1863,3.859825e-04,1.000000e+00
1864,2.551020e-04,1.000000e+00
1865,3.472222e-04,1.000000e+00
1866,1.417234e-04,1.000000e+00
1867,3.587693e-04,1.000000e+00
1868,6.944444e-05,1.000000e+00
1869,1.977984e-04,1.000000e+00
1870,1.262626e-04,1.000000e+00
1871,6.944444e-05,1.000000e+00
1872,2.755732e-04,1.000000e+00
1873,4.025325e-04,1.000000e+00
1874,2.844481e-04,1.000000e+00
1875,2.755732e-04,1.000000e+00
1876,6.944444e-05,1.000000e+00
1877,7.692308e-04,1.000000e+00
1878,3.376652e-04,1.000000e+00
1879,3.804287e-04,1.000000e+00
1880,3.748750e-04,1.000000e+00
1881,5.787037e-04,1.000000e+00
1882,3.472222e-04,1.000000e+00
1883,3.909808e-04,1.000000e+00
1884,1.322751e-04,1.000000e+00
1885,7.233796e-05,1.000000e+00
1886,1.092863e-03,1.000000e+00
1887,2.551020e-04,1.000000e+00
1888,1.256614e-04,1.000000e+00
1889,1.157407e-04,1.000000e+00
1890,3.823170e-04,1.000000e+00
1891,9.645062e-04,1.000000e+00
1892,6.250000e-05,1.000000e+00
1893,1.157407e-04,1.000000e+00
1894,6.944444e-05,1.000000e+00
1895,3.664334e-04,1.000000e+00
1896,3.752083e-04,1.000000e+00
1897,3.752083e-04,1.000000e+00
1898,9.797352e-05,1.000000e+00
1899,6.944444e-05,1.000000e+00
1900,2.445471e-04,1.000000e+00
1901,4.553597e-05,1.000000e+00
1902,4.026436e-04,1.000000e+00
1903,1.209647e-04,1.000000e+00
1904,3.970899e-04,1.000000e+00
1905,2.551020e-04,1.000000e+00
1906,2.594089e-04,1.000000e+00
1907,1.683502e-04,1.000000e+00
1908,3.720238e-04,1.000000e+00
1909,2.445471e-04,1.000000e+00
1910,3.045654e-04,1.000000e+00
1911,4.598662e-05,1.000000e+00
1912,3.526602e-04,1.000000e+00
1913,6.944444e-05,1.000000e+00
1914,3.112356e-04,1.000000e+00
1915,4.471801e-04,1.000000e+00
1916,1.262626e-04,1.000000e+00
1917,4.169937e-04,1.000000e+00
1918,1.883582e-04,1.000000e+00
1919,4.109741e-04,1.000000e+00
1920,3.589744e-04,1.000000e+00
1921,3.306878e-04,1.000000e+00
1922,7.233796e-05,1.000000e+00
1923,1.074366e-04,1.000000e+00
1924,1.406089e-04,1.000000e+00
1925,3.532156e-04,1.000000e+00
1926,1.157407e-04,1.000000e+00
1927,1.248000e-04,1.000000e+00
1928,6.944444e-05,1.000000e+00
1929,3.772076e-04,1.000000e+00
1930,1.417234e-04,1.000000e+00
1931,3.723203e-04,1.000000e+00
1932,1.157407e-04,1.000000e+00
1933,6.111533e-05,1.000000e+00
1934,1.530583e-04,1.000000e+00
1935,3.649894e-04,1.000000e+00
1936,1.221001e-04,1.000000e+00
1937,7.233796e-05,1.000000e+00
1938,4.808317e-05,1.000000e+00
1939,5.724187e-05,1.000000e+00
1940,1.872874e-04,1.000000e+00
1941,3.705432e-04,1.000000e+00
1942,1.417234e-04,1.000000e+00
1943,5.748328e-05,1.000000e+00
1944,2.803096e-04,1.000000e+00
1945,5.389392e-06,1.000000e+00
1946,2.939447e-04,1.000000e+00
1947,2.445471e-04,1.000000e+00
1948,3.998667e-04,1.000000e+00
1949,3.720238e-04,1.000000e+00
1950,1.324543e-04,1.000000e+00
1951,6.944444e-05,1.000000e+00
1952,6.944444e-05,1.000000e+00
1953,3.393759e-05,1.000000e+00
1954,1.028893e-03,1.000000e+00
1955,1.683502e-04,1.000000e+00
1956,1.417234e-04,1.000000e+00
1957,6.297658e-05,1.000000e+00
1958,3.495697e-04,1.000000e+00
1959,1.074735e-04,1.000000e+00
1960,5.668934e-05,1.000000e+00
1961,1.246753e-04,1.000000e+00
1962,2.635366e-04,1.000000e+00
1963,1.256614e-04,1.000000e+00
1964,4.436083e-05,1.000000e+00
1965,6.944444e-05,1.000000e+00
1966,4.728013e-05,1.000000e+00
1967,7.416234e-04,1.000000e+00
1968,1.977984e-04,1.000000e+00
1969,3.071442e-04,1.000000e+00
1970,6.944444e-05,1.000000e+00
1971,5.748328e-05,1.000000e+00
1972,3.358880e-04,1.000000e+00
1973,6.944444e-05,1.000000e+00
1974,3.613240e-04,1.000000e+00
1975,3.512163e-04,1.000000e+00
1976,6.944444e-05,1.000000e+00
1977,3.211509e-04,1.000000e+00
1978,6.944444e-05,1.000000e+00
1979,1.256614e-04,1.000000e+00
1980,3.521049e-04,1.000000e+00
1981,6.944444e-05,1.000000e+00
1982,6.944444e-05,1.000000e+00
1983,4.399035e-04,1.000000e+00
1984,4.089748e-04,1.000000e+00
1985,6.944444e-05,1.000000e+00
1986,2.806791e-05,1.000000e+00
1987,7.002801e-05,1.000000e+00
1988,5.787037e-04,1.000000e+00
1989,6.944444e-05,1.000000e+00
1990,3.915362e-04,1.000000e+00
1991,2.445471e-04,1.000000e+00
1992,8.290816e-05,1.000000e+00
1993,1.247758e-04,1.000000e+00
1994,3.112907e-04,1.000000e+00
1995,1.256614e-04,1.000000e+00
1996,6.944444e-05,1.000000e+00
1997,6.944444e-05,1.000000e+00
1998,3.508419e-04,1.000000e+00
1999,7.348618e-06,1.000000e+00
