part,n_clusters,n_ab,n_ba,k,pottr_flags,traj,supp_trees,supp_patients,n_trees_null,pottr_exp_ind,pottr_pval_ind,pottr_pval_perm,p_tree_ind,p_tree_perm,pottr_resolved_order,mm_s_exp_perm,mm_s_theta_perm,mm_pval_exp_perm,mm_pval_theta_perm,mm_s_exp_indep,mm_s_theta_indep,mm_pval_exp_indep,mm_pval_theta_indep,mm_error_perm,mm_error_indep
sweep,0,2,1,2,default,A->-B,2,2,3,0.75,0.15625,0.5,0.25,0.5,False,2.0,2,0.5,0.5,2.0,2,0.15625,0.15625,,
sweep,2,2,1,4,default,A->-B,4,4,5,1.4166666666666665,0.024305555555555556,0.1875,0.2833333333333333,0.5,True,2.0,2,0.7222222,0.7222222,2.0,2,0.34375,0.34375,,
sweep,6,2,1,8,default,A->-B,8,8,9,2.75,0.0004715363511659807,0.01953125,0.3055555555555556,0.5,True,2.0,2,0.9231824,0.9231824,2.0,2,0.6531096,0.6531096,,
sweep,10,2,1,12,default,A->-B,12,12,13,4.083333333333334,7.938322410201695e-06,0.001708984375,0.31410256410256415,0.5,True,2.0,2,0.9804908,0.9804908,2.0,2,0.8339955,0.8339955,,
sweep,20,2,1,22,default,A->-B,22,22,23,7.416666666666664,2.2406031178065939e-10,2.86102294921875e-06,0.3224637681159419,0.5,True,2.0,2,0.9994737,0.9994737,2.0,2,0.9786405,0.9786405,,
sweep,30,2,1,32,default,A->-B,32,32,33,10.75,5.3122734761456225e-15,3.958120942115784e-09,0.32575757575757575,0.5,True,2.0,2,0.9999876,0.9999876,2.0,2,0.9976287,0.9976287,,
grid,30,2,1,15,default,B->-C B-?-A A-?-B A->-C,15,15,33,1.1111111111111112,1.1091581445437674e-17,6.969171937625627e-08,0.03367003367003367,0.1515151515151515,False,15.0,15,6.969172e-08,6.969172e-08,15.0,15,1.053859e-07,1.053859e-07,,
grid,30,2,1,15,-rf,B->-C A-?-B B-?-A A->-C,15,15,33,1.1111111111111112,1.1091581445437674e-17,6.969171937625627e-08,0.03367003367003367,0.1515151515151515,False,15.0,15,6.969172e-08,6.969172e-08,15.0,15,1.053859e-07,1.053859e-07,,
grid,30,2,1,15,-rt 3,B-?-A B->-C A-?-B A->-C,15,15,33,1.1111111111111112,1.1091581445437674e-17,6.969171937625627e-08,0.03367003367003367,0.1515151515151515,False,15.0,15,6.969172e-08,6.969172e-08,15.0,15,1.053859e-07,1.053859e-07,,
grid,30,2,1,30,default,A->-B,32,32,33,10.75,5.3122734761456225e-15,3.958120942115784e-09,0.32575757575757575,0.5,True,2.0,2,0.9999876,0.9999876,2.0,2,0.9976287,0.9976287,,
grid,30,2,1,30,-rf,A->-B,32,32,33,10.75,5.3122734761456225e-15,3.958120942115784e-09,0.32575757575757575,0.5,True,2.0,2,0.9999876,0.9999876,2.0,2,0.9976287,0.9976287,,
grid,30,2,1,30,-rt 3,A-?-B B-?-A,30,30,33,6.666666666666666,2.5329381590117023e-20,4.856935749618854e-15,0.202020202020202,0.30303030303030304,False,,,,,,,,,StopIteration,StopIteration
grid,30,2,1,31,default,A->-B,32,32,33,10.75,5.3122734761456225e-15,3.958120942115784e-09,0.32575757575757575,0.5,True,2.0,2,0.9999876,0.9999876,2.0,2,0.9976287,0.9976287,,
grid,30,2,1,31,-rf,A->-B,32,32,33,10.75,5.3122734761456225e-15,3.958120942115784e-09,0.32575757575757575,0.5,True,2.0,2,0.9999876,0.9999876,2.0,2,0.9976287,0.9976287,,
grid,30,2,1,31,-rt 3,,33,33,33,33.0,1.0,1.0,1.0,1.0,False,,,,,,,,,StopIteration,StopIteration
grid,30,2,1,32,default,A->-B,32,32,33,10.75,5.3122734761456225e-15,3.958120942115784e-09,0.32575757575757575,0.5,True,2.0,2,0.9999876,0.9999876,2.0,2,0.9976287,0.9976287,,
grid,30,2,1,32,-rf,A->-B,32,32,33,10.75,5.3122734761456225e-15,3.958120942115784e-09,0.32575757575757575,0.5,True,2.0,2,0.9999876,0.9999876,2.0,2,0.9976287,0.9976287,,
grid,30,2,1,32,-rt 3,,33,33,33,33.0,1.0,1.0,1.0,1.0,False,,,,,,,,,StopIteration,StopIteration
