dataset,min_pval_exp,min_pval_theta
0,8.908325e-04,8.908325e-04
1,4.950731e-04,4.950731e-04
2,2.164502e-03,2.164502e-03
3,1.924139e-03,1.924139e-03
4,1.147741e-03,1.147741e-03
5,2.225048e-03,2.225048e-03
6,5.232862e-04,5.232862e-04
7,4.517013e-03,4.517013e-03
8,2.231102e-03,2.231102e-03
9,2.614379e-04,2.614379e-04
10,5.965463e-03,5.965463e-03
11,5.767184e-03,5.767184e-03
12,6.831793e-04,6.831793e-04
13,4.503993e-04,4.503993e-04
14,3.030303e-03,3.030303e-03
15,3.111472e-03,3.111472e-03
16,7.120153e-04,7.120153e-04
17,2.155817e-03,2.155817e-03
18,9.386797e-04,9.386797e-04
19,2.466422e-03,2.466422e-03
20,5.197184e-04,5.197184e-04
21,9.669937e-04,9.669937e-04
22,1.799400e-03,1.799400e-03
23,8.247114e-04,8.247114e-04
24,3.665445e-04,3.665445e-04
25,4.913076e-03,5.931356e-03
26,3.229693e-03,3.229693e-03
27,1.858350e-03,1.858350e-03
28,2.332102e-03,2.332102e-03
29,2.689268e-04,2.689268e-04
30,2.135775e-03,2.135775e-03
31,4.950731e-04,4.950731e-04
32,2.594628e-03,2.594628e-03
33,3.095938e-03,3.095938e-03
34,7.433420e-04,7.433420e-04
35,1.263393e-03,1.263393e-03
36,9.451395e-04,9.451395e-04
37,5.952381e-03,5.952381e-03
38,5.194805e-03,5.194805e-03
39,5.194805e-03,5.194805e-03
40,4.482022e-03,4.482022e-03
41,8.137317e-03,8.137317e-03
42,5.654210e-04,5.654210e-04
43,4.610564e-04,4.610564e-04
44,1.948069e-03,1.948069e-03
45,1.045003e-03,1.045003e-03
46,3.635152e-04,3.635152e-04
47,8.737429e-04,2.135775e-03
48,2.594628e-03,2.594628e-03
49,9.324009e-04,9.324009e-04
50,2.691768e-03,2.691768e-03
51,1.082251e-03,1.082251e-03
52,1.254791e-03,1.254791e-03
53,2.058528e-04,2.058528e-04
54,1.159951e-03,1.159951e-03
55,6.862745e-04,6.862745e-04
56,8.829554e-05,8.829554e-05
57,5.988766e-04,5.988766e-04
58,4.812574e-03,4.812574e-03
59,2.535285e-03,2.535285e-03
60,2.718090e-03,2.718090e-03
61,4.636550e-03,4.636550e-03
62,2.886003e-04,2.886003e-04
63,6.188413e-04,6.188413e-04
64,7.116857e-03,7.116857e-03
65,3.116883e-03,3.116883e-03
66,2.777778e-03,2.777778e-03
67,9.183673e-03,9.183673e-03
68,3.867737e-03,3.867737e-03
69,6.081306e-04,6.081306e-04
70,5.164945e-04,5.164945e-04
71,6.862745e-04,6.862745e-04
72,4.978355e-04,4.978355e-04
73,1.538974e-03,1.538974e-03
74,4.142683e-04,4.142683e-04
75,4.812574e-03,4.812574e-03
76,5.459167e-04,5.459167e-04
77,2.254690e-04,2.254690e-04
78,5.999221e-04,5.999221e-04
79,2.828283e-03,2.828283e-03
80,1.619343e-03,1.619343e-03
81,1.403454e-03,1.403454e-03
82,4.201681e-04,4.201681e-04
83,4.978355e-04,4.978355e-04
84,3.030303e-03,3.030303e-03
85,5.550006e-04,5.550006e-04
86,5.189255e-03,5.189255e-03
87,2.066500e-03,2.066500e-03
88,8.198151e-04,8.198151e-04
89,1.982347e-03,1.982347e-03
90,5.883265e-04,5.883265e-04
91,8.888889e-04,8.888889e-04
92,2.031250e-03,2.031250e-03
93,3.665445e-03,3.665445e-03
94,5.998001e-04,5.998001e-04
95,1.498501e-03,1.498501e-03
96,2.335859e-03,2.335859e-03
97,7.004213e-04,7.004213e-04
98,2.343042e-03,2.343042e-03
99,8.219482e-04,8.219482e-04
100,6.060606e-04,6.060606e-04
101,3.163503e-04,3.163503e-04
102,1.122361e-03,1.122361e-03
103,3.024633e-03,3.024633e-03
104,1.779550e-03,1.779550e-03
105,1.059547e-03,1.059547e-03
106,1.050537e-04,1.050537e-04
107,3.024633e-03,3.024633e-03
108,2.498454e-03,2.498454e-03
109,3.178428e-03,3.178428e-03
110,2.689268e-04,2.689268e-04
111,9.411422e-04,9.411422e-04
112,8.145789e-03,8.145789e-03
113,1.206130e-03,1.206130e-03
114,1.296885e-03,1.296885e-03
115,6.151796e-04,6.151796e-04
116,3.870377e-04,3.870240e-04
117,4.683421e-03,4.683421e-03
118,2.777778e-03,2.777778e-03
119,3.245748e-03,3.245748e-03
120,3.205128e-03,3.205128e-03
121,4.446137e-03,4.446137e-03
122,2.665797e-03,2.665071e-03
123,8.715044e-04,8.715044e-04
124,2.777778e-03,2.777778e-03
125,1.048951e-03,1.048951e-03
126,5.968706e-04,5.968706e-04
127,7.689744e-04,7.689744e-04
128,1.082251e-03,1.082251e-03
129,2.232143e-03,2.232143e-03
130,8.080808e-04,8.080808e-04
131,1.106301e-03,1.106301e-03
132,7.946069e-04,7.946069e-04
133,6.493506e-03,6.493506e-03
134,1.916134e-04,6.347091e-04
135,6.919007e-03,6.919007e-03
136,2.522478e-03,2.522478e-03
137,2.742819e-03,2.742819e-03
138,6.115178e-04,6.115178e-04
139,2.976786e-03,2.976786e-03
140,4.978355e-04,4.978355e-04
141,1.395953e-03,1.395953e-03
142,4.625440e-03,4.625440e-03
143,9.259259e-04,9.259259e-04
144,5.232862e-04,5.232862e-04
145,1.058596e-03,1.058596e-03
146,2.747253e-03,2.747253e-03
147,5.089878e-04,5.089878e-04
148,2.356902e-03,2.356902e-03
149,1.396825e-03,1.396825e-03
150,1.445578e-03,1.445578e-03
151,7.433420e-04,7.433420e-04
152,1.430976e-03,1.430976e-03
153,2.777778e-03,2.777778e-03
154,5.311515e-03,5.311515e-03
155,6.613757e-04,6.613757e-04
156,1.311189e-03,1.311189e-03
157,1.574112e-03,1.570422e-03
158,1.311189e-03,1.311189e-03
159,1.249583e-03,1.249583e-03
160,2.597403e-04,2.597403e-04
161,3.868778e-03,3.868778e-03
162,2.466422e-03,2.466422e-03
163,4.978355e-04,4.978355e-04
164,1.831502e-03,1.831502e-03
165,8.198151e-04,8.198151e-04
166,1.958359e-03,1.958359e-03
167,5.842152e-03,5.842152e-03
168,7.154902e-04,7.154902e-04
169,7.305257e-04,7.305257e-04
170,6.889055e-04,6.889055e-04
171,2.221630e-03,2.221630e-03
172,2.197802e-03,2.197802e-03
173,5.189255e-03,5.189255e-03
174,6.611570e-03,6.611570e-03
175,8.198151e-04,8.198151e-04
176,1.648318e-03,1.648318e-03
177,1.653045e-03,1.653045e-03
178,8.426428e-04,8.426428e-04
179,5.924042e-04,5.924042e-04
180,4.790082e-03,4.790082e-03
181,7.531395e-04,7.531395e-04
182,3.035969e-03,3.035969e-03
183,3.394068e-03,3.394068e-03
184,4.142683e-04,4.142683e-04
185,3.111472e-03,3.111472e-03
186,6.541078e-04,6.541078e-04
187,1.526252e-04,1.526252e-04
188,5.089878e-04,5.089878e-04
189,4.995005e-03,4.995005e-03
190,2.428983e-03,2.428983e-03
191,1.029412e-02,1.029412e-02
192,1.206130e-03,1.206130e-03
193,1.110001e-03,1.110001e-03
194,2.670940e-03,2.670940e-03
195,6.431423e-04,6.431423e-04
196,1.190476e-03,1.190476e-03
197,2.380952e-03,2.380952e-03
198,3.729604e-03,3.729604e-03
199,8.144719e-04,8.144719e-04
200,1.288394e-03,1.288394e-03
201,9.990010e-04,9.990010e-04
202,3.018648e-03,3.018648e-03
203,4.301596e-03,4.301596e-03
204,1.296885e-03,1.296885e-03
205,1.198191e-03,1.198191e-03
206,2.469136e-03,2.469136e-03
207,2.272727e-03,2.272727e-03
208,2.522478e-03,2.522478e-03
209,6.497834e-04,6.497834e-04
210,4.318182e-03,4.318182e-03
211,6.308768e-03,6.308768e-03
212,2.031250e-03,2.031250e-03
213,2.522478e-03,2.522478e-03
214,1.807851e-03,1.807851e-03
215,4.825231e-04,4.825231e-04
216,6.233766e-03,6.233766e-03
217,4.696570e-03,4.696570e-03
218,2.747253e-03,2.747253e-03
219,1.736111e-03,1.736111e-03
220,1.571362e-03,1.571362e-03
221,7.247002e-04,7.247002e-04
222,5.523577e-04,5.523577e-04
223,4.831478e-03,4.831478e-03
224,8.202394e-04,8.202394e-04
225,2.694340e-03,2.694340e-03
226,2.164502e-03,2.164502e-03
227,9.139009e-04,9.139009e-04
228,4.957555e-03,4.957555e-03
229,1.145913e-03,1.145913e-03
230,3.588547e-04,3.588547e-04
231,4.978355e-04,4.978355e-04
232,3.331071e-03,3.331071e-03
233,4.535147e-03,4.535147e-03
234,4.153422e-03,4.153422e-03
235,1.803752e-03,1.803752e-03
236,4.110704e-03,4.110704e-03
237,5.865433e-03,5.865433e-03
238,3.691077e-03,3.691077e-03
239,6.611570e-03,6.611570e-03
240,1.164923e-03,1.164923e-03
241,1.025299e-03,1.025299e-03
242,2.821282e-03,2.821282e-03
243,4.142683e-04,4.142683e-04
244,6.349206e-03,6.349206e-03
245,7.648030e-04,7.648030e-04
246,3.383488e-03,3.383488e-03
247,1.112314e-03,1.112314e-03
248,4.081633e-04,4.081633e-04
249,1.748252e-03,1.748252e-03
250,6.631123e-03,6.631123e-03
251,1.322751e-03,1.322751e-03
252,1.958359e-03,1.958359e-03
253,2.452904e-03,2.452904e-03
254,7.120153e-04,7.120153e-04
255,5.194805e-03,5.194805e-03
256,5.419439e-04,5.419439e-04
257,4.360294e-03,4.328686e-03
258,4.142683e-04,4.142683e-04
259,5.187526e-04,5.187526e-04
260,1.238954e-03,1.238954e-03
261,1.589320e-04,1.589320e-04
262,5.232862e-04,5.232862e-04
263,9.996668e-04,9.996668e-04
264,6.279435e-04,6.279435e-04
265,1.060606e-03,1.060606e-03
266,2.828283e-03,2.828283e-03
267,1.190476e-03,1.190476e-03
268,8.971369e-04,8.971369e-04
269,2.028564e-03,2.028564e-03
270,7.342657e-03,7.342657e-03
271,2.135775e-03,2.135775e-03
272,4.467532e-03,7.326007e-03
273,5.523577e-04,5.523577e-04
274,2.254690e-04,2.254690e-04
275,1.311189e-03,1.311189e-03
276,3.267974e-04,3.267974e-04
277,5.197184e-04,5.197184e-04
278,1.159951e-03,1.159951e-03
279,3.498667e-04,3.498667e-04
280,4.818907e-03,4.818907e-03
281,3.052503e-03,3.052503e-03
282,3.282432e-04,3.282432e-04
283,3.663004e-04,3.663004e-04
284,6.590632e-04,6.590632e-04
285,1.131313e-03,1.131313e-03
286,4.142683e-04,4.142683e-04
287,8.282534e-04,8.282534e-04
288,3.060912e-04,3.060912e-04
289,4.498500e-03,4.498500e-03
290,4.110704e-03,4.110704e-03
291,8.137317e-03,8.137317e-03
292,1.513781e-03,1.513781e-03
293,2.670940e-03,2.670940e-03
294,3.867737e-03,3.867737e-03
295,3.488575e-04,3.488575e-04
296,5.895471e-04,5.895471e-04
297,8.080808e-04,8.080808e-04
298,1.408848e-04,1.408848e-04
299,4.467754e-03,4.467754e-03
300,3.434753e-03,3.434753e-03
301,4.240008e-03,4.239513e-03
302,2.522478e-03,2.522478e-03
303,2.408233e-03,2.408233e-03
304,2.755732e-04,2.755732e-04
305,3.282432e-04,3.282432e-04
306,4.859685e-03,4.859685e-03
307,2.742819e-03,2.742819e-03
308,4.947846e-04,4.947846e-04
309,9.977324e-03,9.977324e-03
310,1.319900e-03,1.319900e-03
311,2.266252e-03,2.266252e-03
312,1.082251e-03,1.082251e-03
313,2.335859e-03,2.335859e-03
314,3.765465e-03,3.765465e-03
315,2.747253e-03,2.747253e-03
316,6.093207e-03,6.093207e-03
317,2.747253e-03,2.747253e-03
318,5.689549e-04,5.689549e-04
319,1.271456e-05,1.271456e-05
320,7.126672e-03,7.126672e-03
321,4.812574e-03,4.812574e-03
322,3.665445e-03,3.665445e-03
323,2.880311e-04,2.880311e-04
324,1.779550e-03,1.779550e-03
325,1.288394e-03,1.288394e-03
326,1.308216e-03,1.308216e-03
327,7.017544e-03,7.017544e-03
328,7.648030e-04,7.648030e-04
329,3.282432e-04,3.282432e-04
330,1.513865e-04,1.513865e-04
331,9.139009e-04,9.139009e-04
332,8.213482e-03,8.503401e-03
333,8.663779e-04,8.663779e-04
334,7.423604e-04,7.423604e-04
335,6.547934e-04,6.547934e-04
336,9.666314e-04,9.666314e-04
337,1.255992e-03,1.255992e-03
338,4.736516e-03,4.736516e-03
339,3.030303e-03,3.030303e-03
340,9.996668e-04,9.996668e-04
341,7.946069e-04,7.946069e-04
342,6.862745e-04,6.862745e-04
343,3.639812e-03,3.639812e-03
344,4.153422e-03,4.153422e-03
345,7.689744e-04,7.689744e-04
346,2.339546e-03,2.339546e-03
347,2.828283e-03,2.828283e-03
348,6.122449e-03,6.122449e-03
349,9.259259e-04,9.259259e-04
350,3.030303e-03,3.030303e-03
351,4.331889e-03,4.331889e-03
352,2.747253e-03,2.747253e-03
353,3.383488e-03,3.383488e-03
354,1.082251e-03,1.082251e-03
355,1.110001e-03,1.110001e-03
356,8.202394e-04,8.202394e-04
357,9.259259e-04,9.259259e-04
358,9.215205e-03,9.215205e-03
359,2.283732e-03,2.283732e-03
360,2.498454e-03,2.498454e-03
361,1.620671e-03,1.620671e-03
362,5.089878e-04,5.089878e-04
363,1.934524e-03,2.591049e-03
364,5.005657e-03,5.005657e-03
365,2.556967e-03,2.556967e-03
366,7.177095e-04,7.177095e-04
367,3.372835e-04,3.372835e-04
368,7.689744e-04,7.689744e-04
369,2.886003e-04,2.886003e-04
370,1.082251e-03,1.082251e-03
371,8.605190e-04,8.605190e-04
372,8.080808e-04,8.080808e-04
373,1.717376e-03,1.717376e-03
374,9.949269e-06,9.949269e-06
375,9.324009e-04,9.324009e-04
376,9.298394e-03,9.298394e-03
377,6.502182e-04,6.499861e-04
378,1.441416e-03,1.441416e-03
379,7.130956e-03,7.130956e-03
380,3.282432e-04,3.282432e-04
381,2.747253e-03,2.747253e-03
382,1.526252e-04,1.526252e-04
383,2.266252e-03,2.266252e-03
384,9.990010e-04,9.990010e-04
385,6.831793e-04,6.831793e-04
386,1.495726e-03,1.495726e-03
387,4.895194e-03,4.895194e-03
388,4.318182e-03,4.318182e-03
389,4.941243e-03,4.941243e-03
390,9.563479e-03,9.563479e-03
391,1.255992e-03,1.255992e-03
392,2.522478e-03,2.522478e-03
393,4.097868e-04,4.097868e-04
394,2.922103e-03,2.922103e-03
395,1.082251e-03,1.082251e-03
396,4.870171e-04,4.870171e-04
397,6.659187e-03,6.659187e-03
398,2.421104e-03,2.421104e-03
399,4.153422e-03,4.153422e-03
400,3.968254e-03,3.968254e-03
401,6.159851e-03,6.159851e-03
402,3.537282e-03,3.537282e-03
403,2.469136e-03,2.469136e-03
404,2.335859e-03,2.335859e-03
405,2.335859e-03,2.335859e-03
406,1.266245e-03,1.266245e-03
407,3.416382e-04,3.416382e-04
408,2.886003e-04,2.886003e-04
409,3.742342e-03,3.742342e-03
410,2.399799e-03,2.398587e-03
411,5.848866e-04,5.848866e-04
412,1.260504e-03,1.260504e-03
413,1.520519e-03,1.520519e-03
414,1.082251e-03,1.082251e-03
415,1.106301e-03,1.106301e-03
416,1.221815e-03,1.221815e-03
417,5.952381e-03,5.952381e-03
418,5.232862e-04,5.232862e-04
419,7.326007e-04,7.326007e-04
420,3.729604e-03,3.729604e-03
421,1.164923e-03,1.164923e-03
422,3.964290e-04,3.964290e-04
423,3.401361e-03,3.401361e-03
424,3.868778e-03,3.868778e-03
425,6.279435e-04,6.279435e-04
426,5.178353e-04,5.178353e-04
427,3.964290e-04,3.964290e-04
428,2.409898e-04,2.409898e-04
429,2.470039e-03,2.470039e-03
430,9.854558e-04,9.854558e-04
431,2.469136e-03,2.469136e-03
432,6.038313e-04,6.038313e-04
433,9.259259e-04,9.259259e-04
434,1.260504e-03,1.260504e-03
435,8.073370e-04,8.073370e-04
436,5.528846e-03,5.528846e-03
437,9.620010e-05,9.620010e-05
438,5.309585e-04,5.309585e-04
439,4.978355e-04,4.978355e-04
440,1.851852e-03,1.851852e-03
441,9.343434e-03,9.343434e-03
442,2.886003e-04,2.886003e-04
443,1.111111e-03,1.111111e-03
444,7.215007e-04,7.215007e-04
445,9.663446e-04,9.663446e-04
446,5.584693e-03,9.932981e-03
447,2.973368e-03,2.973368e-03
448,5.309585e-04,5.309585e-04
449,1.875000e-03,1.875000e-03
450,1.924139e-03,1.924139e-03
451,9.586373e-05,9.586373e-05
452,5.767308e-04,5.767308e-04
453,6.802721e-04,6.802721e-04
454,4.242424e-03,4.242424e-03
455,5.883265e-04,5.883265e-04
456,5.097886e-03,5.097886e-03
457,8.715044e-04,8.715044e-04
458,7.899465e-04,7.899465e-04
459,5.523577e-04,5.523577e-04
460,3.306590e-03,3.306590e-03
461,5.639146e-04,5.639146e-04
462,2.345982e-03,2.345982e-03
463,5.232862e-04,5.232862e-04
464,5.141143e-04,5.141143e-04
465,5.924042e-04,5.924042e-04
466,9.324009e-04,9.324009e-04
467,8.884293e-04,8.884293e-04
468,1.807851e-03,1.807851e-03
469,2.399799e-03,2.398587e-03
470,4.228028e-04,4.228028e-04
471,1.171687e-03,1.171687e-03
472,7.797401e-03,7.797401e-03
473,4.028960e-04,4.028960e-04
474,9.143636e-05,9.143636e-05
475,1.498501e-03,1.498501e-03
476,8.738817e-03,8.738817e-03
477,1.042413e-03,3.030303e-03
478,5.550006e-04,5.550006e-04
479,1.734749e-03,1.734749e-03
480,5.097886e-03,5.097886e-03
481,3.331071e-03,3.331071e-03
482,2.254690e-04,2.254690e-04
483,3.030303e-03,3.030303e-03
484,4.978355e-04,4.978355e-04
485,5.848866e-04,5.848866e-04
486,2.594628e-03,2.594628e-03
487,5.651352e-04,5.651352e-04
488,7.689744e-04,7.689744e-04
489,6.997667e-03,6.997667e-03
490,1.308216e-03,1.308216e-03
491,2.466422e-03,2.466422e-03
492,2.522478e-03,2.522478e-03
493,3.486017e-03,3.486017e-03
494,2.896470e-03,2.896470e-03
495,1.019535e-03,1.019535e-03
496,5.359519e-04,5.359519e-04
497,1.495726e-03,1.495726e-03
498,3.154586e-03,3.154586e-03
499,4.918995e-04,4.918995e-04
500,7.668912e-04,7.668912e-04
501,3.296970e-03,3.296970e-03
502,3.030303e-03,3.030303e-03
503,6.347091e-04,6.347091e-04
504,6.115178e-04,6.115178e-04
505,1.343366e-03,1.343366e-03
506,5.426763e-04,5.426763e-04
507,5.790441e-04,5.790441e-04
508,2.742819e-03,2.742819e-03
509,2.975912e-03,2.975912e-03
510,2.705628e-04,2.705628e-04
511,1.308216e-03,1.308216e-03
512,8.971369e-04,8.971369e-04
513,4.395604e-03,4.395604e-03
514,5.429426e-04,5.429426e-04
515,5.178353e-04,5.178353e-04
516,3.636364e-03,3.636364e-03
517,8.819172e-03,8.819172e-03
518,9.688228e-04,9.688228e-04
519,3.488575e-04,3.488575e-04
520,1.082251e-03,1.082251e-03
521,2.975912e-03,2.975912e-03
522,6.115178e-04,6.115178e-04
523,4.101807e-03,4.101807e-03
524,6.889055e-04,6.889055e-04
525,2.906235e-03,2.906235e-03
526,2.331002e-03,2.331002e-03
527,9.564510e-04,9.564510e-04
528,9.386797e-04,9.386797e-04
529,4.265756e-03,4.629630e-03
530,5.593707e-03,5.593707e-03
531,7.120153e-04,7.120153e-04
532,5.755657e-04,5.755657e-04
533,2.691768e-03,2.691768e-03
534,7.048932e-04,7.048932e-04
535,2.231102e-03,2.231102e-03
536,4.636781e-03,4.636781e-03
537,1.271456e-05,1.271456e-05
538,4.723700e-04,4.723700e-04
539,3.024633e-03,3.024633e-03
540,2.497502e-04,2.497502e-04
541,5.988680e-04,5.988680e-04
542,8.333333e-03,8.333333e-03
543,1.956907e-03,1.956907e-03
544,9.564510e-04,9.564510e-04
545,4.629630e-03,4.629630e-03
546,2.522478e-03,2.522478e-03
547,3.270539e-04,3.270539e-04
548,5.767308e-04,5.767308e-04
549,7.933863e-04,7.933863e-04
550,7.660329e-03,7.660329e-03
551,7.172315e-04,7.172315e-04
552,2.054473e-03,2.054473e-03
553,4.591837e-03,5.952381e-03
554,6.233766e-03,6.233766e-03
555,4.120879e-04,4.120879e-04
556,1.344329e-03,1.344329e-03
557,1.311189e-03,1.311189e-03
558,6.227106e-03,6.227106e-03
559,1.110001e-03,1.110001e-03
560,5.178353e-04,5.178353e-04
561,8.333333e-04,8.333333e-04
562,1.098119e-03,1.098119e-03
563,2.164502e-03,2.164502e-03
564,1.159951e-03,1.159951e-03
565,1.375893e-03,1.375893e-03
566,7.330890e-03,7.330890e-03
567,1.495726e-03,1.495726e-03
568,2.335859e-03,2.335859e-03
569,2.324598e-03,2.324598e-03
570,3.282432e-04,3.282432e-04
571,1.831502e-03,1.831502e-03
572,2.594628e-03,2.594628e-03
573,1.057363e-03,1.057363e-03
574,2.469136e-03,2.469136e-03
575,1.360658e-03,1.360658e-03
576,1.589946e-03,1.589946e-03
577,6.357279e-05,6.357279e-05
578,7.407407e-03,7.407407e-03
579,6.122449e-03,6.122449e-03
580,2.498454e-03,2.498454e-03
581,9.564510e-04,9.564510e-04
582,4.723700e-04,4.723700e-04
583,2.522478e-03,2.522478e-03
584,3.729604e-03,3.729604e-03
585,5.115511e-03,5.855191e-03
586,1.054410e-03,1.054410e-03
587,2.469136e-03,2.469136e-03
588,3.844872e-04,3.844872e-04
589,6.862745e-04,6.862745e-04
590,2.231102e-03,2.231102e-03
591,1.089682e-03,1.089682e-03
592,2.421415e-03,2.421415e-03
593,5.154693e-03,5.357143e-03
594,3.178428e-03,3.178428e-03
595,3.152795e-03,3.152795e-03
596,1.319900e-03,1.319900e-03
597,1.475813e-03,1.475813e-03
598,8.272856e-04,8.272856e-04
599,1.263393e-03,1.263393e-03
600,6.029736e-04,6.029736e-04
601,9.324009e-04,9.324009e-04
602,6.590632e-04,6.590632e-04
603,3.798268e-04,3.798268e-04
604,4.826962e-03,4.826962e-03
605,3.968254e-03,3.968254e-03
606,7.433420e-04,7.433420e-04
607,2.522478e-03,2.522478e-03
608,4.978355e-04,4.978355e-04
609,5.528846e-03,5.528846e-03
610,1.958359e-03,1.958359e-03
611,1.958359e-03,1.958359e-03
612,4.467532e-03,4.517142e-03
613,2.594628e-03,2.594628e-03
614,8.144719e-04,8.144719e-04
615,7.500000e-04,7.500000e-04
616,8.198151e-04,8.198151e-04
617,3.267974e-04,3.267974e-04
618,1.308216e-03,1.308216e-03
619,1.839827e-03,1.839827e-03
620,3.907743e-03,4.143677e-03
621,8.908325e-04,8.908325e-04
622,1.050932e-03,1.050932e-03
623,1.282051e-02,1.282051e-02
624,3.101530e-03,3.101530e-03
625,7.359452e-03,7.359452e-03
626,1.308216e-03,1.308216e-03
627,6.541078e-04,6.541078e-04
628,5.848866e-04,5.848866e-04
629,2.257989e-03,2.257989e-03
630,1.495726e-03,1.495726e-03
631,1.082251e-03,1.082251e-03
632,1.311189e-03,1.311189e-03
633,9.688228e-04,9.688228e-04
634,2.953813e-03,2.953813e-03
635,9.663446e-04,9.663446e-04
636,4.632644e-03,4.632644e-03
637,5.232862e-04,5.232862e-04
638,3.030303e-03,3.030303e-03
639,7.817907e-04,7.817907e-04
640,5.675264e-03,5.675264e-03
641,5.424063e-03,5.424063e-03
642,1.091711e-03,1.091711e-03
643,8.458719e-04,8.458719e-04
644,1.589320e-04,1.589320e-04
645,7.172315e-04,7.172315e-04
646,1.348139e-03,1.348139e-03
647,7.215007e-04,7.215007e-04
648,4.395604e-03,4.395604e-03
649,6.579004e-04,6.579004e-04
650,3.205128e-03,3.205128e-03
651,1.124295e-04,1.124295e-04
652,8.333333e-03,8.333333e-03
653,2.677984e-03,2.677984e-03
654,1.430976e-03,1.430976e-03
655,9.484018e-04,9.484018e-04
656,2.843985e-03,2.843985e-03
657,2.356902e-03,2.356902e-03
658,6.115178e-04,6.115178e-04
659,1.255992e-03,1.255992e-03
660,1.230769e-03,1.230769e-03
661,2.567909e-03,2.567909e-03
662,3.365512e-04,3.365512e-04
663,5.748999e-04,5.748999e-04
664,4.097868e-04,4.097868e-04
665,7.235683e-04,7.235683e-04
666,6.231134e-04,6.231134e-04
667,4.482022e-03,4.482022e-03
668,3.972532e-04,3.972532e-04
669,2.415861e-03,2.415861e-03
670,9.688228e-04,9.688228e-04
671,1.070358e-03,1.070358e-03
672,4.778128e-03,4.778128e-03
673,1.159951e-03,1.159951e-03
674,5.016643e-04,5.016643e-04
675,7.528357e-05,7.528357e-05
676,1.648318e-03,1.648318e-03
677,1.803752e-03,1.803752e-03
678,2.910141e-03,2.910141e-03
679,5.050505e-04,5.050505e-04
680,1.190476e-03,1.190476e-03
681,4.602861e-03,4.602861e-03
682,1.147741e-03,1.147741e-03
683,3.178428e-03,3.178428e-03
684,2.522478e-03,2.522478e-03
685,4.874998e-04,4.874998e-04
686,6.889055e-04,6.889055e-04
687,8.247114e-04,8.247114e-04
688,2.383821e-03,2.383821e-03
689,6.613757e-04,6.613757e-04
690,1.748252e-03,1.748252e-03
691,9.520636e-04,9.520636e-04
692,3.064542e-03,3.064542e-03
693,1.082251e-03,1.082251e-03
694,6.862745e-04,6.862745e-04
695,2.510274e-03,2.510274e-03
696,1.198191e-03,1.198191e-03
697,7.668912e-04,7.668912e-04
698,8.144719e-04,8.144719e-04
699,9.926774e-04,9.926774e-04
700,1.311189e-03,1.311189e-03
701,4.978355e-04,4.978355e-04
702,6.198929e-03,6.198929e-03
703,9.523810e-04,9.523810e-04
704,8.503401e-04,8.503401e-04
705,4.812574e-03,4.812574e-03
706,2.797203e-03,2.797203e-03
707,3.296970e-03,3.296970e-03
708,2.522478e-03,2.522478e-03
709,1.412729e-04,1.412729e-04
710,7.326007e-04,7.326007e-04
711,6.802721e-04,6.802721e-04
712,1.267963e-03,1.267963e-03
713,9.259259e-04,9.259259e-04
714,2.054473e-03,2.054473e-03
715,5.039987e-03,5.039987e-03
716,3.030303e-03,3.030303e-03
717,5.050505e-04,5.050505e-04
718,3.742342e-03,3.742342e-03
719,1.766607e-03,1.766607e-03
720,3.086420e-03,3.086420e-03
721,6.590632e-04,6.590632e-04
722,6.967375e-04,6.967375e-04
723,3.401361e-03,3.401361e-03
724,2.399799e-03,2.398587e-03
725,5.194805e-03,5.194805e-03
726,7.266537e-03,7.266537e-03
727,7.645071e-03,7.645071e-03
728,8.163129e-04,8.163129e-04
729,1.112314e-03,1.112314e-03
730,3.060254e-03,3.060254e-03
731,1.019535e-03,1.019535e-03
732,2.597403e-04,2.597403e-04
733,4.102564e-03,4.102564e-03
734,5.689549e-04,5.689549e-04
735,2.551597e-03,2.551597e-03
736,2.221630e-03,2.221630e-03
737,5.357143e-03,5.357143e-03
738,2.408233e-03,2.408233e-03
739,5.050505e-04,5.050505e-04
740,1.267963e-03,1.267963e-03
741,3.996337e-04,3.996337e-04
742,3.052503e-03,3.052503e-03
743,9.386797e-04,9.386797e-04
744,1.958359e-03,1.958359e-03
745,2.997003e-04,2.997003e-04
746,5.998001e-03,5.998001e-03
747,1.550349e-03,1.550349e-03
748,5.799756e-04,5.799756e-04
749,1.649977e-05,1.649977e-05
750,1.082251e-03,1.082251e-03
751,6.250000e-03,6.250000e-03
752,8.247114e-04,8.247114e-04
753,1.984127e-03,1.984127e-03
754,8.908325e-04,8.908325e-04
755,1.322751e-03,1.322751e-03
756,5.309585e-04,5.309585e-04
757,6.250000e-03,6.250000e-03
758,4.978355e-04,4.978355e-04
759,1.924139e-03,1.924139e-03
760,9.564510e-04,9.564510e-04
761,1.408848e-04,1.408848e-04
762,1.589946e-03,1.589946e-03
763,1.288394e-03,1.288394e-03
764,2.653681e-03,2.653681e-03
765,2.953813e-03,2.953813e-03
766,6.349206e-03,6.349206e-03
767,1.063185e-03,1.063185e-03
768,2.999000e-03,2.999000e-03
769,5.689549e-04,5.689549e-04
770,4.188148e-05,4.188148e-05
771,5.194805e-03,5.194805e-03
772,6.862745e-04,6.862745e-04
773,1.048951e-03,1.048951e-03
774,4.974532e-03,4.974532e-03
775,2.121212e-03,2.121212e-03
776,2.825457e-05,2.825457e-05
777,1.206130e-03,1.206130e-03
778,1.486684e-03,1.486684e-03
779,9.411422e-04,9.411422e-04
780,1.574112e-03,1.570422e-03
781,3.282432e-04,3.282432e-04
782,2.947735e-03,2.947735e-03
783,3.665445e-03,3.665445e-03
784,3.636364e-03,3.636364e-03
785,3.052503e-04,3.052503e-04
786,7.145766e-03,7.197601e-03
787,3.075898e-03,3.075898e-03
788,4.978355e-04,4.978355e-04
789,4.610564e-04,4.610564e-04
790,6.590632e-04,6.590632e-04
791,6.474032e-04,6.474032e-04
792,4.813675e-03,4.813675e-03
793,3.041721e-03,4.001280e-03
794,1.021874e-03,1.831502e-03
795,3.144251e-03,3.144251e-03
796,7.902128e-04,7.902128e-04
797,3.331071e-03,3.331071e-03
798,7.162331e-04,1.653045e-03
799,5.208333e-03,5.208333e-03
800,5.285191e-03,5.285191e-03
801,2.973368e-03,2.973368e-03
802,3.856523e-04,3.856523e-04
803,2.594628e-03,2.594628e-03
804,3.198934e-03,3.198934e-03
805,3.449844e-04,3.449844e-04
806,1.400560e-04,1.400560e-04
807,2.101074e-05,2.101074e-05
808,1.399993e-04,1.399993e-04
809,4.483354e-03,4.483354e-03
810,4.015216e-04,4.015216e-04
811,2.502662e-03,2.502662e-03
812,1.144640e-03,1.144640e-03
813,1.255992e-03,1.255992e-03
814,6.268307e-04,6.268307e-04
815,3.152795e-03,3.152795e-03
816,5.550006e-04,5.550006e-04
817,1.831502e-03,1.831502e-03
818,2.594628e-03,2.594628e-03
819,1.147741e-03,1.147741e-03
820,2.453728e-03,2.453728e-03
821,8.458719e-04,8.458719e-04
822,7.528357e-05,7.528357e-05
823,8.074232e-04,8.074232e-04
824,4.535147e-03,4.535147e-03
825,4.792053e-04,4.792053e-04
826,9.758652e-04,9.758652e-04
827,3.443878e-03,3.443878e-03
828,7.515532e-04,7.515532e-04
829,2.409453e-03,2.409453e-03
830,4.578755e-04,4.578755e-04
831,5.550006e-04,5.550006e-04
832,7.648030e-04,7.648030e-04
833,5.523577e-04,5.523577e-04
834,2.922103e-03,2.922103e-03
835,1.348139e-03,1.348139e-03
836,1.147741e-03,1.147741e-03
837,5.523577e-04,5.523577e-04
838,1.145913e-03,1.145913e-03
839,2.556967e-03,2.556967e-03
840,7.648030e-04,7.648030e-04
841,2.821282e-03,2.821282e-03
842,2.819573e-03,2.819573e-03
843,2.871665e-03,2.871665e-03
844,7.215007e-04,7.215007e-04
845,4.142683e-04,4.142683e-04
846,1.719643e-03,1.719643e-03
847,2.511871e-03,2.511871e-03
848,2.066500e-03,2.066500e-03
849,4.870130e-03,4.870130e-03
850,7.817907e-04,7.817907e-04
851,7.215007e-04,7.215007e-04
852,1.147741e-03,1.147741e-03
853,6.541078e-04,6.541078e-04
854,9.259259e-04,9.259259e-04
855,1.327676e-03,1.327676e-03
856,6.003899e-03,6.003899e-03
857,5.141143e-04,5.141143e-04
858,5.197184e-04,5.197184e-04
859,5.456057e-04,5.456057e-04
860,2.399799e-03,2.398587e-03
861,4.978355e-04,4.978355e-04
862,2.164502e-03,2.164502e-03
863,5.969307e-03,5.966338e-03
864,7.433420e-04,7.433420e-04
865,7.042829e-04,7.042829e-04
866,6.920770e-04,6.920770e-04
867,1.229244e-03,1.229244e-03
868,7.120153e-04,7.120153e-04
869,8.888889e-04,8.888889e-04
870,3.681756e-04,3.681756e-04
871,1.748252e-03,1.748252e-03
872,3.123067e-03,3.123067e-03
873,6.261649e-04,6.261649e-04
874,5.130565e-04,5.130565e-04
875,8.080808e-04,8.080808e-04
876,5.497148e-04,5.497148e-04
877,1.076265e-03,1.076265e-03
878,6.827561e-04,6.827561e-04
879,4.792053e-04,4.792053e-04
880,3.152795e-03,3.152795e-03
881,8.586881e-04,8.586881e-04
882,6.931458e-04,6.931458e-04
883,1.343366e-03,1.343366e-03
884,2.594984e-03,2.594984e-03
885,4.844539e-03,4.844539e-03
886,2.777778e-03,2.777778e-03
887,2.797203e-03,2.797203e-03
888,9.996668e-04,9.996668e-04
889,1.198191e-03,1.198191e-03
890,7.433420e-04,7.433420e-04
891,5.456057e-04,5.456057e-04
892,2.755732e-04,2.755732e-04
893,3.443878e-03,3.443878e-03
894,2.332102e-03,2.332102e-03
895,6.541078e-04,6.541078e-04
896,4.934863e-03,4.934863e-03
897,4.665112e-04,4.665112e-04
898,2.511871e-03,2.511871e-03
899,4.813675e-03,4.813675e-03
900,2.107988e-04,2.107988e-04
901,6.802721e-04,6.802721e-04
902,1.193756e-03,1.193756e-03
903,5.225531e-04,5.225531e-04
904,5.748999e-04,5.748999e-04
905,1.112314e-03,1.112314e-03
906,4.629630e-04,4.629630e-04
907,2.887926e-03,2.887926e-03
908,2.412798e-04,2.412798e-04
909,9.484018e-04,9.484018e-04
910,4.978355e-04,4.978355e-04
911,5.034301e-03,5.097886e-03
912,3.205128e-03,3.205128e-03
913,4.618827e-04,4.618827e-04
914,2.143875e-03,2.777778e-03
915,2.828283e-03,2.828283e-03
916,1.082251e-03,1.082251e-03
917,2.335859e-03,2.335859e-03
918,4.943407e-04,4.943407e-04
919,2.452904e-03,2.452904e-03
920,4.217642e-03,4.217642e-03
921,8.547009e-03,8.547009e-03
922,1.106301e-03,1.106301e-03
923,2.031250e-03,2.031250e-03
924,9.331485e-04,9.331485e-04
925,2.465483e-03,2.465483e-03
926,1.025299e-03,1.025299e-03
927,1.956907e-03,1.956907e-03
928,5.163114e-04,5.163114e-04
929,3.030303e-03,3.030303e-03
930,1.147741e-03,1.147741e-03
931,1.032556e-03,1.032556e-03
932,3.765465e-03,3.765465e-03
933,2.828283e-03,2.828283e-03
934,5.389812e-03,5.389812e-03
935,3.751663e-04,3.751663e-04
936,1.962323e-03,1.962323e-03
937,1.057363e-03,1.057363e-03
938,8.251218e-04,8.251218e-04
939,4.636550e-03,4.636550e-03
940,2.221630e-03,2.221630e-03
941,3.282432e-04,3.282432e-04
942,1.174948e-03,1.174948e-03
943,2.415861e-03,2.415861e-03
944,2.522478e-03,2.522478e-03
945,1.098119e-03,1.098119e-03
946,5.160452e-03,5.160080e-03
947,4.839657e-04,4.839657e-04
948,2.066500e-03,2.066500e-03
949,1.961979e-03,5.318458e-03
950,1.225782e-03,1.225782e-03
951,4.723700e-03,4.723700e-03
952,2.718090e-03,2.718090e-03
953,2.169625e-03,2.169625e-03
954,1.571362e-03,1.571362e-03
955,4.492092e-03,4.492092e-03
956,1.112314e-03,1.112314e-03
957,5.523577e-04,5.523577e-04
958,2.266252e-03,2.266252e-03
959,6.502182e-04,6.499861e-04
960,1.803752e-03,1.803752e-03
961,4.031290e-04,4.031290e-04
962,1.719643e-03,1.719643e-03
963,3.765465e-03,3.765465e-03
964,2.164502e-03,2.164502e-03
965,1.198191e-03,1.198191e-03
966,1.839827e-03,1.839827e-03
967,6.664445e-04,6.664445e-04
968,5.109408e-04,5.109408e-04
969,6.613757e-04,6.613757e-04
970,1.311189e-03,1.311189e-03
971,4.374715e-03,4.374310e-03
972,5.582707e-04,5.582707e-04
973,5.523577e-04,5.523577e-04
974,1.571362e-03,1.571362e-03
975,2.777778e-03,2.777778e-03
976,1.110001e-03,1.110001e-03
977,6.590632e-04,6.590632e-04
978,6.464646e-03,6.464646e-03
979,8.888889e-04,8.888889e-04
980,6.231134e-04,6.231134e-04
981,6.227106e-03,6.227106e-03
982,3.306590e-03,3.306590e-03
983,1.159951e-03,1.159951e-03
984,2.356902e-03,2.356902e-03
985,5.412781e-04,5.412781e-04
986,9.688228e-04,9.688228e-04
987,6.536283e-04,6.536283e-04
988,1.445578e-03,1.445578e-03
989,1.598402e-03,1.598402e-03
990,1.054410e-03,1.054410e-03
991,3.401361e-03,3.401361e-03
992,9.259259e-03,9.259259e-03
993,3.052503e-03,3.052503e-03
994,6.442297e-04,6.442297e-04
995,4.978355e-04,4.978355e-04
996,1.924139e-03,1.924139e-03
997,5.285191e-03,5.285191e-03
998,1.308216e-03,1.308216e-03
999,7.788074e-04,7.788074e-04
